"threat.status.mma","search.str"
"EN","Aphelandra espirito-santensis"
"VU","Aphelandra margaritae"
"EN","Aphelandra maximiliana"
"EN","Dyschoriste lavandulacea"
"CR","Dyschoriste smithii"
"EN","Justicia clausseniana"
"VU","Justicia genuflexa"
"EN","Justicia paranaensis"
"EN","Justicia polita"
"VU","Justicia ramulosa"
"VU","Justicia tijucensis"
"EN","Odontonema dissitiflorum"
"EN","Staurogyne brachiata"
"VU","Staurogyne carvalhoi"
"VU","Staurogyne elegans"
"EN","Staurogyne itatiaiae"
"EN","Staurogyne vauthieriana"
"EN","Staurogyne veronicifolia"
"EN","Staurogyne warmingiana"
"EN","Stenandrium hatschbachii"
"EN","Stenandrium stenophyllum"
"EN","Streblacanthus dubiosus"
"VU","Sagittaria lancifolia"
"EN","Alstroemeria amabilis"
"EN","Alstroemeria brasiliensis"
"CR","Alstroemeria capixaba"
"EN","Alstroemeria caryophyllaea"
"CR","Alstroemeria malmeana"
"EN","Alstroemeria orchidioides"
"EN","Alstroemeria penduliflora"
"EN","Alternanthera decurrens"
"VU","Alternanthera hirtula"
"EN","Alternanthera januarensis"
"EN","Amaranthus rosengurtii"
"EN","Froelichiella grisea"
"EN","Gomphrena centrota"
"EN","Gomphrena hatschbachiana"
"CR","Gomphrena nigricans"
"VU","Gomphrena paranensis"
"EN","Gomphrena pulchella"
"VU","Gomphrena regeliana"
"EN","Pfaffia argyrea"
"VU","Pfaffia minarum"
"EN","Quaternella glabratoides"
"EN","Eithea blumenavia"
"CR","Griffinia aracensis"
"CR","Griffinia colatinensis"
"EN","Griffinia espiritensis"
"EN","Griffinia gardneriana"
"EN","Griffinia hyacinthina"
"EN","Griffinia liboniana"
"CR","Griffinia nocturna"
"CR","Griffinia parviflora"
"CR","Griffinia paubrasilica"
"VU","Habranthus coeruleus"
"VU","Habranthus irwinianus"
"VU","Hippeastrum angustifolium"
"EN","Hippeastrum brasilianum"
"EN","Hippeastrum breviflorum"
"EN","Hippeastrum goianum"
"CR","Hippeastrum leucobasis"
"VU","Hippeastrum morelianum"
"CR","Hippeastrum papilio"
"EN","Hippeastrum psittacinum"
"EN","Hippeastrum reginae"
"EN","Hippeastrum santacatarina"
"EN","Hippeastrum striatum"
"EN","Hippeastrum vittatum"
"EN","Worsleya procera"
"VU","Zephyranthes brasiliensis"
"EN","Zephyranthes candida"
"VU","Zephyranthes capivarina"
"EN","Zephyranthes paranaensis"
"EN","Myracrodruon balansae"
"EN","Schinopsis balansae"
"VU","Anemia blechnoides"
"VU","Anemia dentata"
"VU","Anemia gardneri"
"VU","Anemia trichorhiza"
"VU","Annona maritima"
"EN","Annona parviflora"
"VU","Annona pickelii"
"EN","Annona ubatubensis"
"EN","Duguetia magnolioidea"
"CR","Duguetia restingae"
"EN","Duguetia reticulata"
"CR","Duguetia scottmorii"
"EN","Duguetia sooretamae"
"CR","Hornschuchia alba"
"EN","Hornschuchia cauliflora"
"EN","Hornschuchia obliqua"
"CR","Trigynaea axilliflora"
"EN","Trigynaea oblongifolia"
"EN","Unonopsis riedeliana"
"CR","Eryngium corallinum"
"EN","Eryngium divaricatum"
"CR","Eryngium dorae"
"EN","Eryngium falcifolium"
"VU","Eryngium koehneanum"
"EN","Eryngium ombrophilum"
"CR","Eryngium ramboanum"
"EN","Eryngium scirpinum"
"EN","Eryngium smithii"
"EN","Eryngium urbanianum"
"VU","Eryngium zosterifolium"
"EN","Klotzschia rhizophylla"
"VU","Lilaeopsis brasiliensis"
"EN","Ditassa arianeae"
"CR","Ditassa auriflora"
"EN","Ditassa cipoensis"
"EN","Ditassa cordeiroana"
"EN","Ditassa itambensis"
"EN","Ditassa laevis"
"VU","Ditassa leonii"
"EN","Ditassa longisepala"
"EN","Ditassa maricaensis"
"EN","Ditassa oberdanii"
"CR","Gonolobus dorothyanus"
"EN","Gyrostelma bornmuelleri"
"EN","Gyrostelma oxypetaloides"
"CR","Hemipogon abietoides"
"EN","Hemipogon furlanii"
"CR","Hemipogon hatschbachii"
"CR","Hemipogon piranii"
"EN","Jobinia hatschbachii"
"CR","Macroditassa marianae"
"CR","Marsdenia otoniensis"
"EN","Marsdenia queirozii"
"EN","Matelea bahiensis"
"VU","Matelea glaziovii"
"EN","Matelea hatschbachii"
"VU","Matelea marcoassisii"
"EN","Matelea santosii"
"EN","Metastelma giuliettianum"
"EN","Metastelma harleyi"
"CR","Minaria bifurcata"
"CR","Minaria diamantinensis"
"EN","Minaria grazielae"
"EN","Minaria harleyi"
"CR","Minaria hemipogonoides"
"EN","Minaria inconspicua"
"EN","Minaria magisteriana"
"CR","Minaria monocoronata"
"EN","Minaria polygaloides"
"VU","Minaria refractifolia"
"EN","Minaria semirii"
"EN","Minaria volubilis"
"CR","Monsanima morrenioides"
"EN","Oxypetalum dusenii"
"EN","Oxypetalum ekblomii"
"EN","Oxypetalum glaziovii"
"EN","Oxypetalum leonii"
"CR","Oxypetalum mexiae"
"EN","Prestonia solanifolia"
"EN","Tabernaemontana cumata"
"CR","Ilex auricula"
"VU","Ilex loranthoides"
"CR","Ilex prostrata"
"VU","Anthurium jureianum"
"EN","Anthurium langsdorffii"
"EN","Anthurium lucidum"
"EN","Anthurium luschnathianum"
"VU","Anthurium radicans"
"VU","Anthurium xanthophylloides"
"VU","Heteropsis flexuosa"
"EN","Philodendron fragile"
"EN","Philodendron spiritus-sancti"
"EN","Hydrocotyle langsdorffii"
"CR","Schefflera aurata"
"EN","Schefflera gardneri"
"EN","Schefflera glaziovii"
"VU","Schefflera sprucei"
"EN","Schefflera succinea"
"EN","Araucaria angustifolia"
"VU","Acrocomia emensis"
"VU","Allagoptera brevicalyx"
"VU","Attalea barreirensis"
"EN","Attalea brasiliensis"
"EN","Bactris timbuiensis"
"VU","Butia capitata"
"VU","Butia eriospatha"
"CR","Butia leptospatha"
"VU","Butia microspadix"
"EN","Butia purpurascens"
"VU","Butia yatay"
"VU","Euterpe edulis"
"VU","Lytocaryum insigne"
"VU","Syagrus glaucescens"
"EN","Syagrus macrocarpa"
"CR","Syagrus mendanhensis"
"VU","Syagrus picrophylla"
"VU","Syagrus ruschiana"
"EN","Aristolochia hypoglauca"
"VU","Aristolochia odora"
"EN","Gongylanthus liebmannianus"
"CR","Southbya organensis"
"CR","Asplenium beckeri"
"EN","Asplenium bradeanum"
"EN","Asplenium castaneum"
"CR","Asplenium schwackei"
"CR","Asplenium trindadense"
"EN","Acmella pusilla"
"VU","Acritopappus catolesensis"
"EN","Acritopappus connatifolius"
"VU","Acritopappus irwinii"
"CR","Acritopappus pintoi"
"EN","Agrianthus almasensis"
"EN","Agrianthus giuliettiae"
"EN","Aldama corumbensis"
"EN","Aldama filifolia"
"VU","Aldama goyazii"
"CR","Aldama linearifolia"
"CR","Aldama paranensis"
"EN","Aldama vernonioides"
"EN","Anteremanthus hatschbachii"
"VU","Aspilia almasensis"
"CR","Aspilia belo-horizontinae"
"EN","Aspilia caudata"
"EN","Aspilia cordifolia"
"VU","Aspilia cylindrocephala"
"EN","Aspilia diamantinae"
"VU","Aspilia diffusiflora"
"CR","Aspilia diniz-cruzeanae"
"CR","Aspilia eglerii"
"EN","Aspilia espinhacensis"
"EN","Aspilia grazielae"
"CR","Aspilia jugata"
"CR","Aspilia ovalifolia"
"EN","Aspilia pereirae"
"EN","Aspilia prostrata"
"VU","Aspilia reticulata"
"EN","Aspilia silphioides"
"VU","Austroeupatorium rosmarinaceum"
"EN","Baccharis aracatubensis"
"VU","Baccharis concinna"
"EN","Baccharis elliptica"
"EN","Baccharis hypericifolia"
"VU","Baccharis lychnophora"
"VU","Baccharis penningtonii"
"VU","Baccharis polyphylla"
"VU","Baccharis pseudoalpestris"
"EN","Caatinganthus rubropappus"
"CR","Calea abbreviata"
"VU","Calea acaulis"
"CR","Calea brittoniana"
"VU","Calea gentianoides"
"EN","Calea heteropappa"
"EN","Calea kristiniae"
"VU","Campuloclinium parvulum"
"CR","Catolesia mentiens"
"CR","Chaptalia chapadensis"
"VU","Chaptalia cordifolia"
"CR","Chaptalia hermogenis"
"VU","Chionolaena lychnophorioides"
"EN","Chresta souzae"
"EN","Chromolaena angusticeps"
"EN","Chromolaena arrayana"
"EN","Chromolaena costatipes"
"EN","Chromolaena rhinanthacea"
"VU","Chronopappus bifrons"
"VU","Chrysolaena nicolackii"
"EN","Cololobus longiangustatus"
"EN","Cololobus rupestris"
"VU","Dendrophorbium catharinense"
"EN","Dendrophorbium paranense"
"EN","Dimerostemma annuum"
"EN","Dimerostemma episcopale"
"VU","Dimerostemma grazielae"
"EN","Dimerostemma myrtifolium"
"EN","Disynaphia ericoides"
"EN","Disynaphia praeficta"
"EN","Disynaphia variolata"
"EN","Echinocoryne echinocephala"
"EN","Eremanthus argenteus"
"EN","Eremanthus leucodendron"
"VU","Eremanthus polycephalus"
"VU","Gochnatia rotundifolia"
"EN","Gyptis vernoniopsis"
"CR","Heterocoma albida"
"VU","Heterocondylus lysimachioides"
"EN","Hoehnephytum almasense"
"EN","Holocheilus hieracioides"
"EN","Holocheilus monocephalus"
"EN","Hysterionica pinnatiloba"
"CR","Hysterionica pinnatisecta"
"CR","Ianthopappus corymbosus"
"EN","Ichthyothere elliptica"
"CR","Lepidaploa almasensis"
"EN","Lepidaploa gnaphalioides"
"EN","Lepidaploa pseudaurea"
"EN","Lepidaploa spixiana"
"EN","Leptostelma catharinense"
"EN","Lessingianthus adenophyllus"
"EN","Lessingianthus asteriflorus"
"CR","Lessingianthus constrictus"
"EN","Lessingianthus eitenii"
"VU","Lessingianthus exiguus"
"VU","Lessingianthus irwinii"
"VU","Lessingianthus pumillus"
"VU","Lessingianthus reitzianus"
"EN","Lessingianthus rosmarinifolius"
"EN","Lessingianthus souzae"
"VU","Lessingianthus stoechas"
"EN","Lessingianthus subcarduoides"
"EN","Lessingianthus venosissimus"
"EN","Lessingianthus westermanii"
"VU","Lessingianthus zuccarinianus"
"EN","Lomatozona artemisiifolia"
"EN","Lulia nervosa"
"CR","Lychnophora albertinioides"
"CR","Lychnophora brunioides"
"EN","Lychnophora crispa"
"EN","Lychnophora diamantinana"
"EN","Lychnophora gardneri"
"EN","Lychnophora granmogolensis"
"CR","Lychnophora humillima"
"EN","Lychnophora markgravii"
"EN","Lychnophora martiana"
"EN","Lychnophora mello-barretoi"
"EN","Lychnophora pohlii"
"VU","Lychnophora ramosissima"
"EN","Lychnophora regis"
"EN","Lychnophora reticulata"
"EN","Lychnophora rosmarinifolia"
"EN","Lychnophora santosii"
"EN","Lychnophora sellowii"
"CR","Lychnophora sericea"
"CR","Lychnophora souzae"
"EN","Lychnophora syncephala"
"VU","Lychnophora tomentosa"
"EN","Lychnophora villosissima"
"EN","Lychnophoriopsis candelabrum"
"EN","Lychnophoriopsis damazioi"
"EN","Lychnophoriopsis hatschbachii"
"EN","Mikania additicia"
"EN","Mikania alvimii"
"EN","Mikania anethifolia"
"VU","Mikania argyreiae"
"EN","Mikania cipoensis"
"VU","Mikania clematidifolia"
"CR","Mikania dusenii"
"VU","Mikania firmula"
"EN","Mikania glabra"
"EN","Mikania glauca"
"EN","Mikania hartbergii"
"VU","Mikania hastato-cordata"
"EN","Mikania itambana"
"EN","Mikania neurocaula"
"EN","Mikania oreophila"
"EN","Mikania pinnatiloba"
"EN","Mikania premnifolia"
"EN","Mikania variifolia"
"EN","Mikania viminea"
"EN","Mikania warmingii"
"EN","Minasia alpestris"
"EN","Minasia pereirae"
"EN","Minasia scapigera"
"CR","Monogereion carajensis"
"EN","Moquiniastrum argyreum"
"EN","Moquiniastrum cordatum"
"VU","Moquiniastrum hatschbachii"
"CR","Moquiniastrum mollissimum"
"VU","Moquiniastrum ramboi"
"VU","Moquiniastrum sordidum"
"VU","Neocabreria malachophylla"
"EN","Noticastrum hatschbachii"
"EN","Noticastrum malmei"
"EN","Noticastrum psammophilum"
"EN","Panphalea araucariophila"
"EN","Panphalea cardaminifolia"
"CR","Panphalea maxima"
"CR","Panphalea ramboi"
"EN","Panphalea smithii"
"EN","Paralychnophora atkinsiae"
"EN","Paralychnophora bicolor"
"VU","Paralychnophora harleyi"
"EN","Paralychnophora patriciana"
"EN","Perezia eryngioides"
"EN","Perezia multiflora"
"CR","Picrosia cabreriana"
"EN","Piptocarpha robusta"
"EN","Piptolepis buxoides"
"CR","Piptolepis imbricata"
"CR","Piptolepis leptospermoides"
"VU","Porophyllum bahiense"
"VU","Proteopsis argentea"
"EN","Richterago angustifolia"
"VU","Richterago arenaria"
"EN","Richterago campestris"
"CR","Richterago caulescens"
"EN","Richterago conduplicata"
"VU","Richterago elegans"
"EN","Richterago hatschbachii"
"EN","Richterago lanata"
"EN","Richterago petiolata"
"EN","Richterago polyphylla"
"VU","Richterago riparia"
"EN","Richterago stenophylla"
"CR","Richterago suffrutescens"
"EN","Schlechtendalia luzulifolia"
"CR","Senecio almasensis"
"EN","Senecio caparaoensis"
"EN","Senecio gertii"
"EN","Senecio graciellae"
"EN","Senecio hatschbachii"
"EN","Senecio heteroschizus"
"VU","Senecio langei"
"CR","Senecio promatensis"
"EN","Senecio ramboanus"
"EN","Senecio riograndensis"
"CR","Smallanthus araucariophilus"
"EN","Smallanthus riograndensis"
"CR","Stenachaenium macrocephalum"
"VU","Stenophalium eriodes"
"EN","Stevia catharinensis"
"CR","Stevia hilarii"
"EN","Stevia leptophylla"
"EN","Stevia riedelli"
"VU","Stevia selloi"
"VU","Steyermarkina dispalata"
"VU","Stifftia fruticosa"
"EN","Stilpnopappus semirianus"
"CR","Stilpnopappus suffruticosus"
"CR","Stomatanthes loefgrenii"
"EN","Strophopappus bicolor"
"EN","Strophopappus ferrugineus"
"EN","Stylotrichium corymbosum"
"EN","Stylotrichium edmundoi"
"CR","Stylotrichium glomeratum"
"EN","Stylotrichium sucrei"
"EN","Symphyopappus uncinatus"
"VU","Trichocline linearifolia"
"VU","Trixis glaziovii"
"CR","Trixis pallida"
"CR","Verbesina pseudoclaussenii"
"VU","Vernonanthura fagifolia"
"CR","Wedelia macedoi"
"EN","Wunderlichia azulensis"
"EN","Wunderlichia cruelsiana"
"EN","Wunderlichia senae"
"EN","Begonia albidula"
"EN","Begonia altamiroi"
"EN","Begonia apparicioi"
"EN","Begonia bahiensis"
"EN","Begonia besleriifolia"
"EN","Begonia coccinea"
"CR","Begonia crispula"
"VU","Begonia curtii"
"EN","Begonia dentatiloba"
"EN","Begonia espiritosantensis"
"EN","Begonia handroi"
"EN","Begonia ibitiocensis"
"CR","Begonia inconspicua"
"EN","Begonia itaguassuensis"
"EN","Begonia itatinensis"
"CR","Begonia jureiensis"
"EN","Begonia kuhlmannii"
"CR","Begonia larorum"
"EN","Begonia organensis"
"EN","Begonia paranaensis"
"EN","Begonia paulensis"
"EN","Begonia perdusenii"
"CR","Begonia piresiana"
"EN","Begonia pluvialis"
"EN","Begonia polygonifolia"
"CR","Begonia ruschii"
"CR","Begonia salesopolensis"
"EN","Begonia santoslimae"
"CR","Begonia scharffii"
"EN","Begonia smilacina"
"EN","Begonia stenolepis"
"EN","Begonia sylvatica"
"EN","Begonia toledoana"
"EN","Begonia undulata"
"CR","Begonia venosa"
"EN","Begonia vicina"
"CR","Berberis campos-portoi"
"VU","Berberis kleinii"
"EN","Adenocalymma dichilum"
"EN","Adenocalymma fruticosum"
"EN","Adenocalymma magnoalatum"
"CR","Adenocalymma ubatubense"
"EN","Anemopaegma arvense"
"CR","Anemopaegma mirabile"
"VU","Digomphia densicoma"
"VU","Fridericia crassa"
"EN","Handroanthus arianeae"
"EN","Handroanthus riodocensis"
"EN","Handroanthus spongiosus"
"CR","Jacaranda carajasensis"
"EN","Jacaranda crassifolia"
"CR","Jacaranda egleri"
"EN","Jacaranda grandifoliolata"
"CR","Jacaranda intricata"
"EN","Jacaranda microcalyx"
"EN","Jacaranda rugosa"
"EN","Paratecoma peroba"
"VU","Pleonotoma bracteata"
"EN","Sparattosperma catingae"
"EN","Tabebuia cassinoides"
"VU","Zeyheria tuberculosa"
"CR","Blechnum andinum"
"VU","Blechnum heringeri"
"VU","Blechnum sprucei"
"EN","Blechnum squamipes"
"EN","Aechmea alopecurus"
"EN","Aechmea amicorum"
"VU","Aechmea apocalyptica"
"VU","Aechmea azurea"
"VU","Aechmea bambusoides"
"EN","Aechmea cariocae"
"EN","Aechmea castanea"
"EN","Aechmea depressa"
"EN","Aechmea echinata"
"EN","Aechmea fosteriana"
"CR","Aechmea gustavoi"
"EN","Aechmea kertesziae"
"EN","Aechmea kleinii"
"EN","Aechmea macrochlamys"
"CR","Aechmea marginalis"
"EN","Aechmea muricata"
"EN","Aechmea mutica"
"CR","Aechmea orlandiana"
"EN","Aechmea sphaerocephala"
"EN","Aechmea triangularis"
"VU","Aechmea vanhoutteana"
"EN","Aechmea werdermannii"
"CR","Aechmea winkleri"
"CR","Alcantarea benzingii"
"EN","Alcantarea duarteana"
"CR","Alcantarea farneyi"
"EN","Alcantarea geniculata"
"EN","Alcantarea glaziouana"
"VU","Alcantarea imperialis"
"VU","Alcantarea nahoumii"
"EN","Alcantarea nevaresii"
"EN","Alcantarea vinicolor"
"EN","Araeococcus montanus"
"EN","Billbergia brasiliensis"
"CR","Bromelia braunii"
"VU","Bromelia macedoi"
"VU","Canistropsis albiflora"
"CR","Canistropsis elata"
"EN","Canistrum alagoanum"
"EN","Canistrum aurantiacum"
"EN","Canistrum camacaense"
"CR","Canistrum fosterianum"
"EN","Canistrum guzmanioides"
"EN","Canistrum montanum"
"VU","Canistrum pickelii"
"EN","Canistrum triangulare"
"VU","Cryptanthus burle-marxii"
"EN","Cryptanthus capitatus"
"CR","Cryptanthus caracensis"
"EN","Cryptanthus caulescens"
"EN","Cryptanthus coriaceus"
"EN","Cryptanthus dorothyae"
"EN","Cryptanthus exaltatus"
"CR","Cryptanthus fernseeoides"
"CR","Cryptanthus fosterianus"
"CR","Cryptanthus glazioui"
"EN","Cryptanthus maritimus"
"EN","Cryptanthus minarum"
"EN","Cryptanthus odoratissimus"
"EN","Cryptanthus pseudoscaposus"
"CR","Cryptanthus roberto-kautskyi"
"EN","Cryptanthus scaposus"
"CR","Cryptanthus whitmanii"
"VU","Cryptanthus zonatus"
"VU","Deuterocohnia meziana"
"CR","Dyckia agudensis"
"EN","Dyckia cabrerae"
"CR","Dyckia delicata"
"CR","Dyckia distachya"
"CR","Dyckia domfelicianensis"
"EN","Dyckia fosteriana"
"CR","Dyckia hatschbachii"
"CR","Dyckia ibicuiensis"
"EN","Dyckia ibiramensis"
"EN","Dyckia maritima"
"CR","Dyckia monticola"
"CR","Dyckia pseudococcinea"
"EN","Dyckia rariflora"
"EN","Dyckia reitzii"
"EN","Dyckia remotiflora"
"CR","Dyckia ursina"
"EN","Eduandrea selloana"
"CR","Encholirium biflorum"
"CR","Encholirium disjunctum"
"EN","Encholirium gracile"
"EN","Encholirium heloisae"
"EN","Encholirium horridum"
"CR","Encholirium irwinii"
"CR","Encholirium longiflorum"
"EN","Encholirium luxor"
"CR","Encholirium pedicellatum"
"EN","Encholirium scrutor"
"CR","Encholirium vogelii"
"CR","Fernseea bocainensis"
"EN","Fernseea itatiaiae"
"VU","Guzmania monostachia"
"EN","Guzmania sanguinea"
"EN","Hohenbergia castellanosii"
"CR","Hohenbergia correia-araujoi"
"EN","Hohenbergia littoralis"
"EN","Lapanthus duartei"
"EN","Lymania alvimii"
"EN","Lymania azurea"
"EN","Lymania brachycaulis"
"EN","Lymania corallina"
"EN","Lymania globosa"
"CR","Lymania spiculata"
"CR","Neoregelia angustibracteolata"
"CR","Neoregelia brownii"
"EN","Neoregelia hoehneana"
"EN","Neoregelia inexspectata"
"VU","Neoregelia leprosa"
"EN","Neoregelia menescalii"
"VU","Neoregelia oligantha"
"EN","Neoregelia paulistana"
"EN","Neoregelia pernambucana"
"EN","Neoregelia ruschii"
"EN","Neoregelia sanguinea"
"EN","Nidularium atalaiaense"
"EN","Nidularium azureum"
"EN","Nidularium bocainense"
"EN","Nidularium corallinum"
"CR","Nidularium ferrugineum"
"EN","Nidularium itatiaiae"
"EN","Nidularium jonesianum"
"EN","Nidularium kautskyanum"
"CR","Nidularium mangaratibense"
"VU","Nidularium minutum"
"EN","Nidularium organense"
"VU","Nidularium rosulatum"
"VU","Nidularium serratum"
"VU","Nidularium utriculosum"
"EN","Orthophytum amoenum"
"EN","Orthophytum duartei"
"VU","Orthophytum foliosum"
"EN","Orthophytum fosterianum"
"EN","Orthophytum grossiorum"
"CR","Orthophytum humile"
"EN","Orthophytum magalhaesii"
"CR","Orthophytum zanonii"
"EN","Pitcairnia albiflos"
"CR","Pitcairnia bradei"
"CR","Pitcairnia burle-marxii"
"EN","Pitcairnia decidua"
"EN","Pitcairnia encholirioides"
"EN","Pitcairnia glaziovii"
"CR","Pitcairnia limae"
"VU","Portea alatisepala"
"EN","Portea fosteriana"
"VU","Portea grandiflora"
"EN","Portea kermesina"
"EN","Portea nana"
"VU","Quesnelia kautskyi"
"EN","Quesnelia seideliana"
"CR","Tillandsia afonsoana"
"EN","Tillandsia araujei"
"EN","Tillandsia brachyphylla"
"EN","Tillandsia crocata"
"EN","Tillandsia grazielae"
"VU","Tillandsia heubergeri"
"CR","Tillandsia jonesii"
"VU","Tillandsia kautskyi"
"CR","Tillandsia neglecta"
"CR","Tillandsia reclinata"
"CR","Tillandsia sucrei"
"EN","Tillandsia xiphioides"
"EN","Vriesea altimontana"
"CR","Vriesea altomacaensis"
"CR","Vriesea amadoi"
"CR","Vriesea amethystina"
"EN","Vriesea arachnoidea"
"EN","Vriesea biguassuensis"
"CR","Vriesea bleherae"
"CR","Vriesea botafogensis"
"EN","Vriesea brassicoides"
"EN","Vriesea cacuminis"
"CR","Vriesea calimaniana"
"EN","Vriesea cearensis"
"CR","Vriesea costae"
"VU","Vriesea delicatula"
"EN","Vriesea diamantinensis"
"EN","Vriesea eltoniana"
"EN","Vriesea funebris"
"VU","Vriesea gracilior"
"CR","Vriesea harrylutheri"
"VU","Vriesea kautskyana"
"CR","Vriesea leptantha"
"CR","Vriesea longistaminea"
"EN","Vriesea menescalii"
"EN","Vriesea minarum"
"CR","Vriesea monacorum"
"EN","Vriesea pastuchoffiana"
"EN","Vriesea penduliflora"
"EN","Vriesea pinottii"
"EN","Vriesea racinae"
"CR","Vriesea rubyae"
"EN","Vriesea saxicola"
"VU","Vriesea sazimae"
"EN","Vriesea sucrei"
"EN","Vriesea wawranea"
"CR","Vriesea weberi"
"EN","Wittrockia superba"
"EN","Pringleella subulata"
"VU","Bursera simaruba"
"EN","Dacryodes edilsonii"
"EN","Protium bahianum"
"VU","Protium giganteum var. crassifolium"
"EN","Protium icicariba var. talmonii"
"EN","Protium inodorum"
"EN","Tetragastris occhionii"
"EN","Trattinnickia ferruginea"
"EN","Trattinnickia mensalis"
"EN","Arrojadoa bahiensis"
"EN","Arrojadoa eriocaulis"
"EN","Arthrocereus glaziovii"
"EN","Arthrocereus melanurus subsp. magnus"
"EN","Arthrocereus melanurus subsp. melanurus"
"EN","Arthrocereus melanurus subsp. odorus"
"EN","Arthrocereus rondonianus"
"EN","Brasilicereus markgrafii"
"VU","Cereus mirabella"
"VU","Cipocereus bradei"
"EN","Cipocereus crassisepalus"
"EN","Cipocereus laniflorus"
"VU","Cipocereus minensis"
"CR","Cipocereus pusilliflorus"
"VU","Coleocephalocereus buxbaumianus subsp. flavisetus"
"EN","Coleocephalocereus purpureus"
"VU","Discocactus bahiensis"
"VU","Discocactus catingicola"
"CR","Discocactus horstii"
"CR","Discocactus pseudoinsignis"
"VU","Discocactus zehntneri"
"CR","Echinopsis calochlora"
"EN","Echinopsis oxygona"
"EN","Espostoopsis dybowskii"
"EN","Facheiroa cephaliomelana"
"EN","Facheiroa cephaliomelana subsp. estevesii"
"EN","Facheiroa ulei"
"EN","Frailea buenekeri"
"EN","Frailea castanea"
"CR","Frailea mammifera"
"EN","Frailea phaeodisca"
"VU","Frailea pumila"
"VU","Frailea pygmaea"
"EN","Gymnocalycium denudatum"
"VU","Hatiora herminiae"
"EN","Melocactus azureus"
"CR","Melocactus conoideus"
"CR","Melocactus deinacanthus"
"EN","Melocactus ferreophilus"
"EN","Melocactus glaucescens"
"EN","Melocactus lanssensianus"
"EN","Melocactus pachyacanthus"
"VU","Melocactus paucispinus"
"VU","Melocactus violaceus"
"EN","Melocactus violaceus subsp. ritteri"
"EN","Micranthocereus albicephalus"
"EN","Micranthocereus auriazureus"
"EN","Micranthocereus dolichospermaticus"
"EN","Micranthocereus polyanthus"
"CR","Micranthocereus streckeri"
"EN","Micranthocereus violaciflorus"
"EN","Parodia concinna"
"EN","Parodia crassigibba"
"EN","Parodia erinacea"
"EN","Parodia mammulosa"
"VU","Parodia oxycostata"
"CR","Parodia rechensis"
"EN","Parodia scopa"
"VU","Pereskia aureiflora"
"EN","Pilosocereus aurisetus subsp. aurilanatus"
"CR","Pilosocereus azulensis"
"EN","Pilosocereus floccosus subsp. quadricostatus"
"EN","Pilosocereus fulvilanatus"
"VU","Pilosocereus glaucochrous"
"EN","Pilosocereus magnificus"
"EN","Pilosocereus multicostatus"
"CR","Rhipsalis cereoides"
"EN","Rhipsalis pacheco-leonis"
"EN","Rhipsalis paradoxa subsp. septentrionalis"
"EN","Schlumbergera kautskyi"
"VU","Schlumbergera microsphaerica"
"VU","Schlumbergera opuntioides"
"VU","Tacinga braunii"
"CR","Uebelmannia buiningii"
"VU","Uebelmannia gummifera"
"EN","Uebelmannia pectinifera"
"EN","Kielmeyera occhioniana"
"CR","Kielmeyera rufotomentosa"
"CR","Kielmeyera rupestris"
"CR","Kielmeyera sigillata"
"EN","Boopis bupleuroides"
"EN","Boopis itatiaiae"
"EN","Lobelia hilaireana"
"EN","Lobelia langeana"
"CR","Lobelia santos-limae"
"EN","Valeriana glaziovii"
"EN","Valeriana glechomifolia"
"CR","Valeriana organensis"
"VU","Valeriana reitziana"
"VU","Valeriana tajuvensis"
"VU","Maytenus acanthophylla"
"CR","Maytenus basidentata"
"EN","Maytenus quadrangulata"
"VU","Maytenus rupestris"
"VU","Peritassa longifolia"
"CR","Peritassa sadleri"
"CR","Salacia mosenii"
"EN","Tontelea lanceolata"
"EN","Tontelea martiana"
"VU","Couepia belemii"
"EN","Couepia carautae"
"CR","Couepia joaquinae"
"VU","Couepia leitaofilhoi"
"CR","Couepia meridionalis"
"EN","Couepia schottii"
"EN","Exellodendron gracile"
"EN","Hirtella insignis"
"CR","Hirtella parviunguis"
"EN","Hirtella santosii"
"EN","Licania arianeae"
"EN","Licania belemii"
"CR","Licania conferruminata"
"EN","Licania indurata"
"EN","Parinari brasiliensis"
"EN","Helianthemum brasiliense"
"EN","Clusia aemygdioi"
"VU","Buchenavia parvifolia subsp. Rabelloana"
"CR","Combretum rupicola"
"EN","Terminalia acuminata"
"EN","Dichorisandra acaulis"
"VU","Dichorisandra glaziovii"
"VU","Dichorisandra leucophthalmos"
"CR","Dichorisandra neglecta"
"EN","Siderasis fuscata"
"EN","Rourea cnestidifolia"
"EN","Rourea pseudospadicea"
"EN","Evolvulus chrysotrichos"
"VU","Evolvulus glaziovii"
"VU","Evolvulus kramerioides"
"VU","Evolvulus rariflorus"
"EN","Evolvulus riedelii"
"EN","Evolvulus stellariifolius"
"VU","Ipomoea carajasensis"
"EN","Ipomoea cavalcantei"
"VU","Ipomoea daturiflora"
"CR","Ipomoea macedoi"
"VU","Ipomoea subrevoluta"
"VU","Jacquemontia cephalantha"
"EN","Jacquemontia revoluta"
"EN","Merremia repens"
"CR","Crassula peduncularis"
"VU","Asplundia polymera subsp. reitzii"
"VU","Bulbostylis distichoides"
"VU","Bulbostylis nesiotis"
"EN","Bulbostylis smithii"
"VU","Cyperus atlanticus"
"CR","Hypolytrum amorimii"
"EN","Hypolytrum bahiense"
"VU","Hypolytrum lucennoi"
"EN","Hypolytrum paraense"
"EN","Lagenocarpus bracteosus"
"CR","Pleurostachys pilulifera"
"VU","Scleria balansae"
"CR","Trilepis tenuis"
"EN","Stephanopodium engleri"
"CR","Stephanopodium magnifolium"
"EN","Dicksonia sellowiana"
"EN","Atractylocarpus brasiliensis"
"EN","Atractylocarpus longisetus"
"EN","Campylopus densicoma"
"CR","Davilla glaziovii"
"VU","Davilla macrocarpa"
"EN","Doliocarpus lancifolius"
"VU","Dioscorea asperula"
"VU","Dioscorea loefgrenii"
"CR","Dioscorea mantiqueirensis"
"EN","Dioscorea pseudomacrocapsa"
"EN","Dioscorea sanpaulensis"
"EN","Dioscorea trilinguis"
"EN","Chrysoblastella chilensis"
"EN","Drosera graomogolensis"
"VU","Elaphoglossum acrocarpum"
"EN","Elaphoglossum amplissimum"
"CR","Elaphoglossum beckeri"
"EN","Megalastrum wacketii"
"EN","Polystichum bradei"
"EN","Sloanea obtusifolia"
"VU","Ephedra tweediana"
"CR","Gaultheria sleumeriana"
"EN","Gaylussacia angulata"
"EN","Gaylussacia caparoensis"
"EN","Gaylussacia centunculifolia"
"VU","Gaylussacia harleyi"
"EN","Gaylussacia oleifolia"
"CR","Gaylussacia pruinosa"
"CR","Gaylussacia retivenia"
"CR","Gaylussacia setosa"
"CR","Actinocephalus cipoensis"
"VU","Actinocephalus claussenianus"
"EN","Comanthera bahiensis"
"CR","Comanthera brasiliana"
"EN","Comanthera elegans"
"VU","Comanthera harleyi"
"EN","Comanthera mucugensis"
"VU","Leiothrix echinocephala"
"CR","Paepalanthus ater"
"EN","Paepalanthus hydra"
"EN","Syngonanthus itambeensis"
"VU","Syngonanthus laricifolius"
"EN","Erythroxylum bezerrae"
"EN","Erythroxylum catharinense"
"EN","Erythroxylum compressum"
"CR","Erythroxylum leal-costae"
"EN","Erythroxylum mattos-silvae"
"EN","Erythroxylum membranaceum"
"EN","Erythroxylum nelson-rosae"
"EN","Erythroxylum pauferrense"
"VU","Erythroxylum petrae-caballi"
"VU","Erythroxylum substriatum"
"CR","Erythroxylum tianguanum"
"VU","Escallonia obtusissima"
"EN","Escallonia petrophila"
"CR","Adenophaedra cearensis"
"CR","Algernonia dimitrii"
"CR","Algernonia kuhlmannii"
"EN","Astraea cincta"
"EN","Bernardia confertifolia"
"EN","Bernardia crassifolia"
"VU","Caperonia buettneriacea"
"EN","Chiropetalum foliosum"
"VU","Chiropetalum gymnadenium"
"VU","Croton leptobotryus"
"EN","Dalechampia purpurata"
"CR","Dalechampia riparia"
"EN","Euphorbia appariciana"
"EN","Euphorbia attastoma"
"EN","Euphorbia crossadenia"
"VU","Euphorbia gymnoclada"
"CR","Euphorbia holochlorina"
"VU","Manihot procumbens"
"EN","Aeschynomene fructipendula"
"EN","Aeschynomene laca-buendiana"
"VU","Albizia burkartiana"
"EN","Albizia glabripetala"
"VU","Amburana acreana"
"VU","Apuleia leiocarpa"
"EN","Arachis villosa"
"EN","Bauhinia integerrima"
"EN","Caesalpinia echinata"
"EN","Calliandra carrascana"
"EN","Centrolobium paraense"
"VU","Centrosema carajasense"
"EN","Chamaecrista anamariae"
"EN","Chamaecrista atroglandulosa"
"VU","Chamaecrista catolesensis"
"VU","Chamaecrista cipoana"
"VU","Chamaecrista fodinarum"
"CR","Chamaecrista lagotois"
"VU","Chamaecrista stillifera"
"VU","Chamaecrista tephrosiifolia"
"CR","Chamaecrista ulmea"
"VU","Dalbergia elegans"
"VU","Dalbergia nigra"
"EN","Desmodium craspediferum"
"CR","Dimorphandra wilsonii"
"VU","Gleditsia amorphoides"
"EN","Harpalyce lanata"
"EN","Harpalyce parvifolia"
"VU","Hymenaea parvifolia"
"VU","Hymenolobium excelsum"
"VU","Inga aptera"
"EN","Inga arenicola"
"CR","Inga enterolobioides"
"VU","Inga grazielae"
"VU","Inga maritima"
"VU","Inga mendoncaei"
"CR","Inga pedunculata"
"VU","Inga platyptera"
"VU","Inga pleiogyna"
"VU","Inga praegnans"
"VU","Inga suborbicularis"
"VU","Inga unica"
"CR","Lathyrus acutifolius"
"VU","Lathyrus paraguariensis"
"EN","Leucochloron foederale"
"EN","Leucochloron minarum"
"VU","Lupinus coriaceus"
"EN","Lupinus decurrens"
"EN","Lupinus laevigatus"
"VU","Machaerium obovatum"
"VU","Macrosamanea prancei"
"VU","Melanoxylon brauna"
"EN","Mimosa acroconica"
"EN","Mimosa adamantina"
"EN","Mimosa balduinii"
"EN","Mimosa barretoi"
"EN","Mimosa bathyrrhena"
"EN","Mimosa bombycina"
"VU","Mimosa bracteolaris"
"EN","Mimosa catharinensis"
"CR","Mimosa chrysastra"
"EN","Mimosa hatschbachii"
"EN","Mimosa heringeri"
"EN","Mimosa involucrata"
"EN","Mimosa leprosa"
"EN","Mimosa lithoreas"
"EN","Mimosa macedoana"
"EN","Mimosa mensicola"
"EN","Mimosa montis-carasae"
"VU","Mimosa myuros"
"VU","Mimosa paucifolia"
"EN","Mimosa psittacina"
"CR","Mimosa skinneri var. carajarum"
"CR","Mimosa suburbana"
"EN","Mimosa thomista"
"EN","Mimosa uniceps"
"EN","Mimosa urticaria"
"VU","Moldenhawera papillanthera"
"VU","Neptunia pubescens"
"VU","Peltogyne maranhensis"
"VU","Sellocharis paradoxa"
"VU","Swartzia glazioviana"
"VU","Swartzia linharensis"
"VU","Tachigali beaurepairei"
"CR","Vicia pampicola"
"EN","Vouacapoua americana"
"VU","Zollernia magnifica"
"VU","Mostuea muricata"
"EN","Prepusa hookeriana"
"EN","Prepusa viridiflora"
"EN","Senaea coerulea"
"EN","Senaea janeirensis"
"EN","Zygostigma australe"
"VU","Besleria umbrosa"
"VU","Codonanthe carnosa"
"VU","Codonanthe venosa"
"EN","Goyazia petraea"
"EN","Nematanthus monanthos"
"VU","Paliavana werdermannii"
"EN","Sinningia aghensis"
"VU","Sinningia araneosa"
"EN","Sinningia carangolensis"
"CR","Sinningia cardinalis"
"CR","Sinningia cochlearis"
"VU","Sinningia defoliata"
"CR","Sinningia glazioviana"
"EN","Sinningia guttata"
"EN","Sinningia harleyi"
"EN","Sinningia hatschbachii"
"EN","Sinningia hirsuta"
"EN","Sinningia iarae"
"EN","Sinningia insularis"
"VU","Sinningia kautskyi"
"EN","Sinningia lindleyi"
"EN","Sinningia lineata"
"EN","Sinningia micans"
"EN","Sinningia piresiana"
"EN","Sinningia rupicola"
"VU","Sinningia striata"
"VU","Sinningia tuberosa"
"EN","Sinningia valsuganensis"
"EN","Sinningia villosa"
"EN","Sphaerorrhiza burchellii"
"EN","Vanhouttea lanata"
"EN","Vanhouttea leonii"
"EN","Vanhouttea pendula"
"EN","Gunnera herteri"
"VU","Braunia plicata"
"CR","Humiriastrum spiritu-sancti"
"CR","Hymenophyllum sampaioanum"
"CR","Hymenophyllum silveirae"
"VU","Hypericum mutilum"
"CR","Pseudotrimezia brevistamina"
"CR","Pseudotrimezia concava"
"CR","Pseudotrimezia elegans"
"CR","Pseudotrimezia gracilis"
"EN","Pseudotrimezia synandra"
"EN","Pseudotrimezia tenuissima"
"EN","Trimezia exillima"
"EN","Trimezia fistulosa"
"CR","Trimezia fistulosa var. longifolia"
"EN","Trimezia plicatifolia"
"EN","Isoetes bradei"
"EN","Isoetes luetzelburgii"
"EN","Jungermannia decolor"
"VU","Cyanocephalus apertiflorus"
"EN","Cyanocephalus caprariifolius"
"EN","Cyanocephalus delicatulus"
"EN","Cyanocephalus digitatus"
"EN","Cyanocephalus tagetifolius"
"EN","Cyanocephalus viaticus"
"EN","Eriope anamariae"
"VU","Eriope blanchetii"
"CR","Eriope crassipes subsp. cristalinae"
"VU","Eriope luetzelburgii"
"EN","Eriope machrisae"
"EN","Eriope obovata var. gracilis"
"VU","Hesperozygis ringens"
"CR","Hypenia aristulata"
"EN","Hypenia crispata"
"EN","Hypenia micrantha"
"EN","Hypenia subrosea"
"EN","Hyptidendron claussenii"
"EN","Hyptidendron conspersum"
"EN","Hyptis alpestris"
"EN","Hyptis angustifolia"
"VU","Hyptis arenaria"
"EN","Hyptis bahiensis"
"EN","Hyptis colligata"
"EN","Hyptis cruciformis"
"VU","Hyptis frondosa"
"VU","Hyptis hamatidens"
"EN","Hyptis imbricatiformis"
"VU","Hyptis pachyphylla"
"EN","Hyptis penaeoides"
"EN","Hyptis rhypidiophylla"
"EN","Leptohyptis pinheiroi"
"EN","Martianthus sancti-gabrielii"
"VU","Medusantha carvalhoi"
"CR","Oocephalus piranii"
"EN","Aiouea benthamiana"
"VU","Aiouea bracteata"
"EN","Aiouea lehmannii"
"VU","Aniba ferrea"
"EN","Aniba rosiodora"
"VU","Aniba santalodora"
"EN","Beilschmiedia rigida"
"EN","Cinnamomum erythropus"
"VU","Cinnamomum hatschbachii"
"VU","Cinnamomum quadrangulum"
"CR","Dicypellium caryophyllaceum"
"VU","Mezilaurus itauba"
"EN","Mezilaurus navalium"
"VU","Nectandra barbellata"
"VU","Nectandra grisea"
"VU","Nectandra paranaensis"
"EN","Ocotea basicordatifolia"
"EN","Ocotea beulahiae"
"VU","Ocotea beyrichii"
"EN","Ocotea bragai"
"VU","Ocotea catharinensis"
"VU","Ocotea confertiflora"
"EN","Ocotea cryptocarpa"
"EN","Ocotea felix"
"VU","Ocotea mosenii"
"EN","Ocotea odorifera"
"EN","Ocotea porosa"
"EN","Ocotea serrana"
"EN","Ocotea tabacifolia"
"CR","Persea glabra"
"CR","Persea obovata"
"EN","Persea pedunculosa"
"EN","Rhodostemonodaphne capixabensis"
"CR","Rhodostemonodaphne parvifolia"
"EN","Rhodostemonodaphne recurva"
"VU","Urbanodendron bahiense"
"CR","Williamodendron cinnamomeum"
"VU","Bertholletia excelsa"
"EN","Cariniana ianeirensis"
"EN","Cariniana legalis"
"EN","Cariniana parvifolia"
"EN","Couratari asterotricha"
"EN","Couratari pyramidata"
"EN","Eschweilera alvimii"
"EN","Eschweilera compressa"
"EN","Eschweilera subcordata"
"EN","Eschweilera tetrapetala"
"EN","Lecythis schwackei"
"EN","Blepharolejeunea securifolia"
"EN","Bromeliophila natans"
"EN","Drepanolejeunea aculeata"
"VU","Myriocoleopsis fluviatilis"
"EN","Genlisea lobata"
"VU","Utricularia tridentata"
"EN","Paracromastigum dusenii"
"EN","Linum smithii"
"CR","Aosa uleana"
"EN","Spigelia aceifolia"
"EN","Spigelia amplexicaulis"
"CR","Spigelia cipoensis"
"VU","Spigelia flava"
"EN","Spigelia kuhlmannii"
"EN","Spigelia lundiana"
"EN","Spigelia reitzii"
"EN","Spigelia vestita"
"EN","Diphasium jussiaei"
"EN","Palhinhaea bradei"
"EN","Phlegmariurus aqualupianus"
"EN","Phlegmariurus christii"
"CR","Phlegmariurus hemleri"
"EN","Phlegmariurus itambensis"
"EN","Phlegmariurus martii"
"EN","Phlegmariurus mollicomus"
"EN","Phlegmariurus mooreanus"
"EN","Phlegmariurus nudus"
"CR","Phlegmariurus regnellii"
"CR","Phlegmariurus ruber"
"VU","Phlegmariurus sellowianus"
"EN","Phlegmariurus taxifolius"
"CR","Phlegmariurus treitubensis"
"EN","Pseudolycopodiella benjaminiana"
"CR","Cuphea adenophylla"
"VU","Cuphea arenarioides"
"EN","Cuphea bahiensis"
"EN","Cuphea cipoensis"
"EN","Cuphea cuiabensis"
"EN","Cuphea glaziovii"
"EN","Cuphea lindmaniana"
"CR","Cuphea rubro-virens"
"CR","Cuphea teleandra"
"EN","Diplusodon aggregatifolius"
"CR","Diplusodon argyrophyllus"
"CR","Diplusodon ericoides"
"CR","Diplusodon glaziovii"
"CR","Diplusodon gracilis"
"VU","Diplusodon hatschbachii"
"EN","Diplusodon minasensis"
"VU","Diplusodon orbicularis"
"EN","Diplusodon ovatus"
"CR","Diplusodon panniculatus"
"CR","Diplusodon retroimbricatus"
"VU","Diplusodon villosissimus"
"VU","Lafoensia nummularifolia"
"VU","Banisteriopsis andersonii"
"VU","Banisteriopsis basifixa"
"EN","Banisteriopsis cipoensis"
"EN","Banisteriopsis hatschbachii"
"EN","Banisteriopsis hirsuta"
"EN","Banisteriopsis magdalenensis"
"CR","Banisteriopsis pseudojanusia"
"VU","Banisteriopsis sellowiana"
"CR","Bunchosia itacarensis"
"VU","Bunchosia macilenta"
"EN","Bunchosia pernambucana"
"VU","Byrsonima alvimii"
"VU","Byrsonima brachybotrya"
"EN","Byrsonima cipoensis"
"CR","Byrsonima fonsecae"
"EN","Byrsonima lanulosa"
"EN","Byrsonima microphylla"
"EN","Byrsonima onishiana"
"VU","Camarea elongata"
"EN","Camarea humifusa"
"CR","Camarea linearifolia"
"EN","Diplopterys sepium"
"EN","Heladena multiflora"
"EN","Heteropterys admirabilis"
"CR","Heteropterys aliciae"
"CR","Heteropterys bahiensis"
"EN","Heteropterys brasiliensis"
"EN","Heteropterys bullata"
"EN","Heteropterys capixaba"
"CR","Heteropterys conformis"
"VU","Heteropterys crinigera"
"VU","Heteropterys dusenii"
"EN","Heteropterys fragilis"
"CR","Heteropterys hatschbachii"
"EN","Heteropterys marginata"
"EN","Heteropterys megaptera"
"VU","Heteropterys oberdanii"
"CR","Heteropterys occhionii"
"CR","Heteropterys sanctorum"
"EN","Heteropterys ternstroemiifolia"
"EN","Heteropterys thyrsoidea"
"VU","Hiraea bullata"
"EN","Hiraea wiedeana"
"VU","Janusia linearifolia"
"EN","Janusia occhionii"
"EN","Janusia schwannioides"
"EN","Mezia araujoi"
"EN","Peixotoa adenopoda"
"CR","Peixotoa andersonii"
"CR","Peixotoa bahiana"
"EN","Peixotoa barnebyi"
"EN","Peixotoa catarinensis"
"EN","Peixotoa cipoana"
"VU","Peixotoa psilophylla"
"CR","Stigmaphyllon bradei"
"CR","Stigmaphyllon carautae"
"EN","Stigmaphyllon crenatum"
"CR","Stigmaphyllon glabrum"
"EN","Stigmaphyllon harleyi"
"CR","Stigmaphyllon macedoanum"
"CR","Stigmaphyllon mattogrossense"
"CR","Stigmaphyllon vitifolium"
"VU","Thryallis laburnum"
"EN","Thryallis parviflora"
"CR","Abutilon anodoides"
"CR","Abutilon nigricans"
"EN","Calyculogygas uruguayensis"
"EN","Calyptraemalva catharinensis"
"EN","Hochreutinera hasslerana"
"EN","Monteiroa smithii"
"EN","Pavonia almasana"
"VU","Pavonia grazielae"
"EN","Pavonia hatschbachii"
"EN","Pavonia spiciformis"
"EN","Goeppertia tuberosa"
"EN","Goeppertia widgrenii"
"EN","Ischnosiphon ovatus"
"VU","Maranta subterranea"
"VU","Saranthe composita"
"EN","Marchantia berteroana"
"VU","Regnellidium diphyllum"
"CR","Bertolonia angustifolia"
"CR","Bertolonia formosa"
"EN","Bertolonia foveolata"
"CR","Bertolonia hoehneana"
"EN","Bertolonia leuzeana"
"EN","Bertolonia paranaensis"
"VU","Cambessedesia atropurpurea"
"EN","Cambessedesia gracilis"
"EN","Cambessedesia hermogenesii"
"VU","Cambessedesia weddellii"
"VU","Cambessedesia wurdackii"
"EN","Eriocnema acaulis"
"VU","Eriocnema fulva"
"EN","Huberia carvalhoi"
"VU","Huberia espiritosantensis"
"EN","Huberia pirani"
"VU","Lavoisiera cordata"
"EN","Leandra hatschbachii"
"EN","Lithobium cordatum"
"CR","Marcetia alba"
"EN","Marcetia bahiana"
"EN","Marcetia formosa"
"EN","Marcetia hatschbachii"
"EN","Marcetia luetzelburgii"
"EN","Marcetia lychnophoroides"
"EN","Marcetia nummularia"
"EN","Marcetia oxycoccoides"
"EN","Marcetia semiriana"
"EN","Marcetia shepherdii"
"VU","Marcetia viscida"
"VU","Meriania callophylla"
"EN","Merianthera burlemarxii"
"VU","Merianthera pulchra"
"CR","Miconia angelana"
"CR","Miconia capixaba"
"CR","Miconia carvalhoana"
"EN","Miconia cipoensis"
"VU","Miconia glazioviana"
"EN","Miconia johnwurdackiana"
"VU","Miconia mendoncae"
"EN","Miconia penduliflora"
"EN","Miconia picinguabensis"
"VU","Miconia setosociliata"
"EN","Microlicia canastrensis"
"CR","Microlicia cuspidifolia"
"EN","Microlicia flava"
"EN","Microlicia glazioviana"
"VU","Microlicia humilis"
"EN","Microlicia macedoi"
"CR","Microlicia microphylla"
"EN","Microlicia obtusifolia"
"EN","Microlicia psammophila"
"CR","Mouriri megasperma"
"VU","Ossaea warmingiana"
"VU","Rhynchanthera latifolia"
"EN","Svitramia integerrima"
"VU","Svitramia minor"
"VU","Svitramia wurdackiana"
"EN","Tibouchina apparicioi"
"EN","Tibouchina bergiana"
"VU","Tibouchina boudetii"
"CR","Tibouchina castellensis"
"EN","Tibouchina quartzophila"
"EN","Tibouchina riedeliana"
"EN","Trembleya calycina"
"EN","Trembleya chamissoana"
"EN","Trembleya hatschbachii"
"CR","Trembleya pityoides"
"VU","Cedrela fissilis"
"EN","Cedrela lilloi"
"VU","Cedrela odorata"
"VU","Swietenia macrophylla"
"VU","Trichilia blanchetii"
"CR","Trichilia florbranca"
"EN","Trichilia magnifoliola"
"EN","Trichilia micropetala"
"VU","Trichilia stellato-tomentosa"
"EN","Metzgeria hegewaldii"
"EN","Macropeplus friburgensis"
"EN","Mollinedia eugeniifolia"
"EN","Mollinedia longicuspidata"
"VU","Mollinedia luizae"
"EN","Dorstenia conceptionis"
"CR","Dorstenia hildegardis"
"VU","Ficus cyclophylla"
"EN","Maclura brasiliensis"
"VU","Iryanthera campinae"
"EN","Virola bicuhyba"
"VU","Virola parvifolia"
"VU","Virola surinamensis"
"EN","Accara elegans"
"VU","Calycolpus legrandii"
"VU","Calyptranthes fusiformis"
"EN","Calyptranthes hatschbachii"
"VU","Calyptranthes pileata"
"VU","Calyptranthes restingae"
"CR","Campomanesia espiritosantensis"
"EN","Campomanesia hirsuta"
"VU","Campomanesia macrobracteolata"
"EN","Campomanesia prosthecesepala"
"VU","Campomanesia reitziana"
"EN","Eugenia blanda"
"EN","Eugenia brunoi"
"VU","Eugenia bunchosiifolia"
"VU","Eugenia disperma"
"CR","Eugenia hermesiana"
"EN","Eugenia imaruiensis"
"EN","Eugenia itacarensis"
"VU","Eugenia joenssonii"
"EN","Eugenia leonorae"
"EN","Eugenia macrobracteolata"
"EN","Eugenia malacantha"
"EN","Eugenia mattosii"
"EN","Eugenia myrciariifolia"
"EN","Eugenia neosericea"
"EN","Eugenia neotristis"
"EN","Eugenia oxyoentophylla"
"EN","Eugenia pachyclada"
"EN","Eugenia peruibensis"
"EN","Eugenia pruinosa"
"EN","Eugenia pseudomalacantha"
"EN","Eugenia reitziana"
"CR","Eugenia rotundicosta"
"VU","Eugenia sclerocalyx"
"VU","Eugenia vattimoana"
"EN","Eugenia villaenovae"
"EN","Marlierea krapovickae"
"CR","Marlierea lealcostae"
"CR","Marlierea skortzoviana"
"EN","Myrceugenia bracteosa"
"EN","Myrceugenia brevipedicellata"
"EN","Myrceugenia foveolata"
"EN","Myrceugenia franciscensis"
"EN","Myrceugenia gertii"
"EN","Myrceugenia hamoniana"
"VU","Myrceugenia hatschbachii"
"VU","Myrceugenia hoehnei"
"VU","Myrceugenia kleinii"
"EN","Myrcia almasensis"
"VU","Myrcia diaphana"
"CR","Myrcia follii"
"CR","Myrcia gilsoniana"
"EN","Myrcia hexasticha"
"EN","Myrcia isaiana"
"EN","Myrcia limae"
"EN","Myrcia lineata"
"CR","Myrcia magnifolia"
"CR","Myrcia neocambessedeana"
"CR","Myrcia riodocensis"
"EN","Myrcia rupicola"
"VU","Myrciaria plinioides"
"VU","Neomitranthes amblymitra"
"VU","Neomitranthes cordifolia"
"EN","Neomitranthes gracilis"
"EN","Neomitranthes langsdorffii"
"EN","Neomitranthes obtusa"
"EN","Neomitranthes pedicellata"
"EN","Neomitranthes sctictophylla"
"EN","Plinia callosa"
"EN","Plinia complanata"
"VU","Plinia edulis"
"EN","Plinia hatschbachii"
"EN","Plinia ilhensis"
"EN","Plinia muricata"
"EN","Plinia rara"
"EN","Plinia renatiana"
"EN","Psidium giganteum"
"EN","Psidium reptans"
"VU","Siphoneugena kuhlmannii"
"VU","Luxemburgia angustifolia"
"VU","Luxemburgia corymbosa"
"VU","Luxemburgia flexuosa"
"EN","Ouratea hatschbachii"
"VU","Sauvagesia nitida"
"CR","Chionanthus fluminensis"
"VU","Chionanthus subsessilis"
"CR","Chionanthus tenuis"
"CR","Acianthera adiri"
"CR","Acianthera heringeri"
"EN","Acianthera langeana"
"VU","Acianthera papillosa"
"CR","Adamantinia miltonioides"
"CR","Alatiglossum croesus"
"CR","Anathallis colnagoi"
"VU","Anathallis gehrtii"
"EN","Anathallis pabstii"
"VU","Anathallis tigridens"
"EN","Baptistonia kautskyi"
"CR","Baptistonia truncata"
"EN","Barbosella trilobata"
"CR","Bifrenaria silvana"
"EN","Bifrenaria wittigii"
"CR","Bipinnula biplumata"
"EN","Bipinnula penicillata"
"VU","Brachionidium restrepioides"
"VU","Brachystele camporum"
"VU","Brasilaelia crispa"
"VU","Brasilaelia grandis"
"EN","Brasilaelia lobata"
"VU","Brasilaelia perrinii"
"VU","Brasilaelia purpurata"
"EN","Brasilaelia tenebrosa"
"EN","Brasilaelia xanthina"
"CR","Brasilidium marshallianum"
"CR","Brasilidium pectorale"
"EN","Brasiliorchis schunkeana"
"VU","Brassia arachnoidea"
"CR","Bulbophyllum arianeae"
"EN","Bulbophyllum boudetianum"
"VU","Bulbophyllum kautskyi"
"EN","Campylocentrum pernambucense"
"EN","Catasetum mattosianum"
"VU","Cattleya aclandiae"
"EN","Cattleya dormaniana"
"VU","Cattleya granulosa"
"VU","Cattleya guttata"
"VU","Cattleya harrisoniana"
"VU","Cattleya intermedia"
"VU","Cattleya labiata"
"CR","Cattleya porphyroglossa"
"EN","Cattleya schilleriana"
"CR","Cattleya schofieldiana"
"EN","Cattleya tenuis"
"VU","Cattleya tigrina"
"VU","Cattleya velutina"
"VU","Cattleya walkeriana"
"VU","Cattleya warneri"
"CR","Centroglossa castellensis"
"EN","Chloraea membranacea"
"EN","Cirrhaea fuscolutea"
"CR","Cirrhaea loddigesii"
"VU","Cirrhaea longiracemosa"
"EN","Cleistes aphylla"
"CR","Codonorchis canisioi"
"CR","Constantia cipoensis"
"VU","Coppensia macronyx"
"EN","Coppensia majevskyi"
"EN","Cyclopogon dutrae"
"EN","Cycnoches pentadactylum"
"VU","Cyrtopodium caiapoense"
"EN","Cyrtopodium hatschbachii"
"CR","Cyrtopodium lamellaticallosum"
"CR","Cyrtopodium latifolium"
"CR","Cyrtopodium linearifolium"
"VU","Cyrtopodium lissochiloides"
"VU","Cyrtopodium palmifrons"
"EN","Cyrtopodium poecilum var. roseum"
"VU","Cyrtopodium triste"
"VU","Dichaea mosenii"
"CR","Dryadella auriculigera"
"VU","Dryadella lilliputiana"
"CR","Dryadella susanae"
"VU","Dungsia harpophylla"
"CR","Dungsia kautskyi"
"EN","Encyclia bragancae"
"VU","Epidendrum addae"
"VU","Epidendrum ecostatum"
"EN","Epidendrum henschenii"
"VU","Epidendrum robustum"
"EN","Epidendrum zappii"
"VU","Grandiphyllum divaricatum"
"VU","Grandiphyllum hians"
"CR","Grobya cipoensis"
"VU","Grobya fascifera"
"VU","Habenaria achalensis"
"CR","Habenaria brachyplectron"
"EN","Habenaria ernestulei"
"CR","Habenaria galeandriformis"
"CR","Habenaria itaculumia"
"CR","Habenaria novaesii"
"EN","Habenaria piraquarensis"
"CR","Hadrolaelia alaori"
"VU","Hadrolaelia brevipedunculata"
"EN","Hadrolaelia jongheana"
"VU","Hadrolaelia pumila"
"EN","Hadrolaelia pygmaea"
"EN","Hadrolaelia sincorana"
"EN","Hadrolaelia wittigiana"
"CR","Hoehneella heloisae"
"EN","Hoffmannseggella briegeri"
"EN","Hoffmannseggella caulescens"
"CR","Hoffmannseggella endsfeldzii"
"EN","Hoffmannseggella ghillanyi"
"CR","Hoffmannseggella gloedeniana"
"CR","Hoffmannseggella kautskyana"
"CR","Hoffmannseggella milleri"
"EN","Hoffmannseggella mixta"
"CR","Hoffmannseggella munchowiana"
"EN","Houlletia brocklehurstiana"
"VU","Isabelia virginalis"
"VU","Lophiaris schwambachiae"
"VU","Malaxis jaraguae"
"CR","Masdevallia discoidea"
"CR","Miltonia kayasimae"
"CR","Myoxanthus ruschii"
"CR","Myoxanthus seidelii"
"EN","Neogardneria murrayana"
"EN","Notylia microchila"
"EN","Octomeria alexandri"
"VU","Octomeria chamaeleptotes"
"VU","Octomeria geraensis"
"VU","Octomeria hatschbachii"
"EN","Octomeria hoehnei"
"EN","Octomeria lichenicola"
"VU","Octomeria truncicola"
"EN","Octomeria wawrae"
"CR","Octomeria wilsoniana"
"EN","Pabstia jugosa"
"CR","Pabstia schunkiana"
"EN","Pabstiella bacillaris"
"VU","Pabstiella carinifera"
"CR","Pabstiella castellensis"
"EN","Pabstiella conspersa"
"CR","Pabstiella garayi"
"EN","Pabstiella lingua"
"CR","Pabstiella ruschii"
"VU","Phragmipedium vittatum"
"EN","Phymatidium geiselii"
"VU","Phymatidium glaziovii"
"VU","Phymatidium vogelii"
"CR","Polystachya rupicola"
"CR","Pseudolaelia brejetubensis"
"VU","Pseudolaelia canaanensis"
"CR","Pseudolaelia cipoensis"
"EN","Pseudolaelia citrina"
"VU","Pseudolaelia dutrae"
"EN","Pteroglossa hilariana"
"EN","Rauhiella silvana"
"EN","Sarcoglottis alexandri"
"EN","Saundersia mirabilis"
"VU","Saundersia paniculata"
"EN","Scuticaria irwiniana"
"CR","Scuticaria itirapinensis"
"CR","Scuticaria kautskyi"
"EN","Scuticaria strictifolia"
"CR","Specklinia gomesferreirae"
"CR","Stigmatosema hatschbachii"
"VU","Thelyschista ghillanyi"
"EN","Thysanoglossa jordanensis"
"CR","Trichopilia santoslimae"
"VU","Vanilla dietschiana"
"EN","Vanilla dubia"
"EN","Zygopetalum pabstii"
"EN","Zygostates kuhlmannii"
"CR","Zygostates linearisepala"
"CR","Agalinis bandeirensis"
"VU","Agalinis brachyphylla"
"EN","Agalinis itambensis"
"EN","Agalinis nana"
"EN","Agalinis ramulifera"
"CR","Agalinis schwackeana"
"VU","Esterhazya caesarea"
"CR","Magdalenaea limae"
"EN","Nothochilus coccineus"
"CR","Oxalis arachnoidea"
"CR","Oxalis bela-vitoriae"
"CR","Oxalis blackii"
"CR","Oxalis clausenii"
"CR","Oxalis diamantinae"
"CR","Oxalis doceana"
"EN","Oxalis hyalotricha"
"EN","Oxalis impatiens"
"CR","Oxalis kuhlmannii"
"VU","Oxalis mandioccana"
"CR","Oxalis paranaensis"
"EN","Oxalis praetexta"
"EN","Jensenia difformis"
"EN","Passiflora hatschbachii"
"EN","Passiflora imbeana"
"CR","Passiflora ischnoclada"
"EN","Passiflora margaritae"
"EN","Passiflora setulosa"
"EN","Passiflora urubiciensis"
"VU","Ternstroemia cuneifolia"
"VU","Phyllanthus gladiatus"
"EN","Microtea bahiensis"
"VU","Microtea papilosa"
"EN","Picramnia coccinea"
"VU","Peperomia cordigera"
"EN","Peperomia gracilis"
"CR","Peperomia guarujana"
"EN","Peperomia hemmendorffii"
"EN","Peperomia itatiaiana"
"EN","Peperomia loefgrenii"
"EN","Peperomia rostulatiformis"
"CR","Peperomia rufispica"
"EN","Peperomia suboppositifolia"
"EN","Piper amparoense"
"EN","Piper anostachyum"
"EN","Piper barretoi"
"VU","Piper bennettianum"
"EN","Piper carautensei"
"EN","Piper casteloense"
"VU","Piper duartei"
"EN","Piper edwallii"
"CR","Piper hatschbachii"
"EN","Piper hoehnei"
"EN","Piper juliflorum"
"VU","Piper kuhlmannii"
"EN","Piper laevicarpum"
"VU","Piper loefgrenii"
"EN","Piper oblancifolium"
"EN","Piper piritubanum"
"EN","Piper rioense"
"CR","Piper sampaioi"
"EN","Piper scabrellum"
"EN","Plagiochila boryana"
"CR","Achetaria caparaoense"
"CR","Achetaria latifolia"
"CR","Angelonia alternifolia"
"EN","Bacopa cochlearia"
"CR","Ildefonsia bibracteata"
"EN","Plantago turficola"
"VU","Stemodia harleyi"
"VU","Stemodia hyptoides"
"VU","Agrostis lenis"
"EN","Agrostis longiberbis"
"CR","Altoparadisium chapadense"
"EN","Andropogon glaucophyllus"
"EN","Anomochloa marantoidea"
"CR","Anthaenantiopsis fiebrigii"
"EN","Apoclada simplex"
"EN","Aristida brasiliensis"
"CR","Aristida constricta"
"CR","Arthropogon xerachne"
"VU","Arundinella deppeana"
"EN","Axonopus carajasensis"
"VU","Axonopus fastigiatus"
"CR","Axonopus hydrolithicus"
"EN","Axonopus monticola"
"EN","Axonopus ramboi"
"CR","Axonopus uninodis"
"VU","Bothriochloa laguroides"
"CR","Bromidium ramboi"
"EN","Cambajuva ulei"
"CR","Canastra lanceolata"
"EN","Chascolytrum brasiliense"
"CR","Chascolytrum bulbosum"
"EN","Chascolytrum itatiaiae"
"CR","Chascolytrum parodianum"
"EN","Chascolytrum scabrum"
"EN","Chusquea attenuata"
"CR","Chusquea baculifera"
"EN","Chusquea erecta"
"EN","Chusquea heterophylla"
"EN","Chusquea pulchella"
"CR","Chusquea tenuiglumis"
"EN","Colanthelia macrostachya"
"EN","Danthonia cirrata"
"EN","Deschampsia caespitosa"
"EN","Diandrolyra tatianae"
"EN","Digitaria neesiana"
"EN","Glaziophyton mirabile"
"CR","Gymnopogon doellii"
"VU","Leersia ligularis"
"EN","Lithachne horizontalis"
"VU","Luziola brasiliensis"
"EN","Melica arzivencoi"
"CR","Merostachys abadiana"
"EN","Merostachys burmanii"
"CR","Merostachys caucaiana"
"CR","Merostachys scandens"
"CR","Ocellochloa brachystachya"
"CR","Olyra latispicula"
"CR","Parianella carvalhoi"
"EN","Paspalum biaristatum"
"EN","Paspalum longiaristatum"
"EN","Paspalum niquelandiae"
"EN","Paspalum rawitscheri"
"EN","Paspalum repandum"
"EN","Piptochaetium alpinum"
"CR","Piptochaetium palustre"
"EN","Poa bradei"
"EN","Poa reitzii"
"CR","Raddia angustifolia"
"EN","Raddia distichophylla"
"VU","Reitzia smithii"
"EN","Schizachyrium scabriflorum"
"CR","Setaria parviflora var. pilosissima"
"CR","Setaria stolonifera"
"EN","Sporobolus apiculatus"
"EN","Sucrea maculata"
"EN","Sucrea sampaiana"
"EN","Triraphis devia"
"EN","Zizaniopsis bonariensis"
"CR","Podocarpus barretoi"
"VU","Podocarpus brasiliensis"
"VU","Mourera weddelliana"
"EN","Podostemum ovatum"
"VU","Podostemum rutifolium"
"CR","Podostemum saldanhanum"
"EN","Polygala franchetii"
"EN","Polygala selaginoides"
"EN","Polygala stephaniana"
"VU","Polygala tamariscea"
"CR","Alansmia senilis"
"VU","Ceradenia capillaris"
"EN","Ceradenia glaziovii"
"CR","Ceradenia warmingii"
"EN","Grammitis fluminensis"
"VU","Lellingeria brasiliensis"
"CR","Lellingeria itatimensis"
"EN","Lellingeria tamandarei"
"EN","Moranopteris perpusilla"
"CR","Pecluma hoehnii"
"CR","Pecluma imbeana"
"CR","Pecluma insularis"
"EN","Pleopeltis alborufula"
"EN","Pleopeltis monoides"
"CR","Pleopeltis trindadensis"
"CR","Stenogrammitis limula"
"CR","Stenogrammitis pumila"
"EN","Terpsichore semihirsuta"
"EN","Terpsichore taxifolia"
"EN","Portulaca hatschbachii"
"VU","Leptodontium wallisii"
"EN","Lysimachia barbata"
"EN","Lysimachia buxifolia"
"EN","Myrsine congesta"
"EN","Myrsine glazioviana"
"EN","Myrsine villosissima"
"EN","Euplassa cantareirae"
"VU","Euplassa incana"
"EN","Euplassa nebularis"
"EN","Euplassa semicostata"
"EN","Panopsis multiflora"
"EN","Roupala asplenioides"
"VU","Roupala sculpta"
"CR","Adiantum diphyllum"
"EN","Adiantum discolor"
"EN","Adiantum mynsseniae"
"EN","Adiantum papillosum"
"EN","Adiantum tetragonum"
"EN","Cheilanthes incisa"
"EN","Cheilanthes juergensii"
"EN","Cheilanthes regnelliana"
"EN","Doryopteris itatiaiensis"
"VU","Doryopteris paradoxa"
"CR","Doryopteris quinquelobata"
"VU","Doryopteris rediviva"
"EN","Doryopteris rosenstockii"
"EN","Doryopteris rufa"
"EN","Doryopteris subsimplex"
"EN","Doryopteris tijucana"
"EN","Doryopteris trilobata"
"EN","Jamesonia biardii"
"EN","Jamesonia brasiliensis"
"EN","Jamesonia cheilanthoides"
"EN","Jamesonia insignis"
"CR","Jamesonia rufescens"
"EN","Pellaea cymbiformis"
"EN","Pellaea gleichenioides"
"EN","Pteris congesta"
"CR","Pteris limae"
"EN","Quillaja brasiliensis"
"EN","Colletia exserta"
"EN","Colletia paradoxa"
"EN","Condalia buxifolia"
"VU","Discaria americana"
"VU","Gouania corylifolia"
"EN","Gouania inornata"
"VU","Rhamnidium glabrum"
"EN","Scutia arenicola"
"CR","Riccia ridleyi"
"VU","Alseis involuta"
"CR","Bradea anomala"
"CR","Bradea bicornuta"
"CR","Bradea montana"
"VU","Carapichea ipecacuanha"
"CR","Chomelia modesta"
"EN","Coussarea bocainae"
"CR","Erithalis insularis"
"VU","Faramea bahiensis"
"EN","Faramea paratiensis"
"VU","Galianthe elegans"
"EN","Galianthe souzae"
"EN","Galianthe vaginata"
"CR","Galium diphyllum"
"CR","Galium rubidiflorum"
"CR","Galium shepherdii"
"CR","Guettarda paludosa"
"EN","Hindsia glabra"
"CR","Hindsia ibitipocensis"
"CR","Manettia campanulacea"
"EN","Manettia pauciflora"
"VU","Melanopsidium nigrum"
"EN","Mitracarpus anthospermoides"
"EN","Mitracarpus eritrichoides"
"VU","Mitracarpus rigidifolius"
"VU","Pagamea harleyi"
"VU","Palicourea fulgens"
"EN","Psychotria loefgrenii"
"EN","Psychotria microcarpa"
"EN","Psychotria paludosa"
"EN","Richardia schumannii"
"EN","Riodocea pulcherrima"
"CR","Rudgea coronata subsp. saint-hilairei"
"EN","Rudgea corymbulosa"
"VU","Rudgea crassifolia"
"EN","Rudgea erythrocarpa"
"VU","Rudgea insignis"
"VU","Rudgea jasminoides subsp. nervosa"
"EN","Rudgea macrophylla"
"EN","Rudgea pachyphylla"
"CR","Rudgea parquioides subsp. caprifolium"
"EN","Rudgea parquioides subsp. hirsutissima"
"VU","Rudgea parvifolia"
"EN","Rudgea sessilis subsp. cipoana"
"VU","Rudgea umbrosa"
"EN","Rustia angustifolia"
"EN","Simira grazielae"
"EN","Simira hatschbachiorum"
"EN","Staelia hatschbachii"
"EN","Standleya kuhlmanni"
"EN","Almeidea coerulea"
"CR","Andreadoxa flava"
"CR","Conchocarpus bellus"
"CR","Conchocarpus cauliflorus"
"CR","Conchocarpus marginatus"
"EN","Esenbeckia irwiniana"
"CR","Euxylophora paraensis"
"CR","Galipea carinata"
"VU","Metrodorea maracasana"
"CR","Nycticalanthus speciosus"
"VU","Pilocarpus alatus"
"EN","Pilocarpus jaborandi"
"EN","Pilocarpus microphyllus"
"EN","Pilocarpus trachylophus"
"VU","Raulinoa echinata"
"VU","Abatia angeliana"
"VU","Casearia paranaensis"
"VU","Acanthosyris paulo-alvinii"
"VU","Cupania concolor"
"VU","Cupania furfuracea"
"EN","Melicoccus espiritosantensis"
"CR","Serjania divaricocca"
"CR","Serjania hatschbachii"
"VU","Talisia subalbens"
"VU","Urvillea glabra"
"EN","Chrysophyllum imperiale"
"VU","Chrysophyllum januariense"
"VU","Manilkara dardanoi"
"VU","Manilkara decrescens"
"EN","Manilkara maxima"
"VU","Manilkara multifida"
"EN","Micropholis emarginata"
"EN","Micropholis splendens"
"CR","Pouteria bapeba"
"EN","Pouteria bullata"
"CR","Pouteria butyrocarpa"
"VU","Pouteria coelomatica"
"EN","Pouteria decussata"
"EN","Pouteria furcata"
"EN","Pouteria macahensis"
"VU","Pouteria multiflora"
"EN","Pouteria oxypetala"
"VU","Pouteria pachycalyx"
"VU","Pouteria petiolata"
"VU","Pouteria vernicosa"
"EN","Pouteria virescens"
"VU","Pradosia granulosa"
"EN","Pradosia kuhlmannii"
"VU","Pradosia subverticillata"
"EN","Pradosia verticillata"
"VU","Sarcaulus vestitus"
"EN","Buddleja speciosissima"
"VU","Selaginella mendoncae"
"EN","Castela tweedii"
"VU","Simaba glabra"
"EN","Simaba insignis"
"CR","Simaba salubris"
"CR","Simaba suaveolens"
"EN","Simaba warmingiana"
"EN","Smilax lappacea"
"EN","Smilax lutescens"
"VU","Smilax muscosa"
"EN","Smilax spicata"
"EN","Smilax subsessiliflora"
"EN","Calibrachoa eglandulata"
"EN","Calibrachoa elegans"
"EN","Calibrachoa humilis"
"VU","Calibrachoa spathulata"
"EN","Lycianthes repens"
"VU","Nicotiana mutabilis"
"CR","Nierembergia pinifolia"
"EN","Petunia bonjardinensis"
"EN","Petunia exserta"
"EN","Petunia mantiqueirensis"
"CR","Petunia reitzii"
"CR","Petunia saxicola"
"EN","Schwenckia curviflora"
"CR","Schwenckia nova-veneciana"
"EN","Solanum arenarium"
"EN","Solanum bahianum"
"EN","Solanum graveolens"
"EN","Solanum jabrense"
"EN","Solanum paralum"
"EN","Solanum restingae"
"VU","Solanum santosii"
"CR","Solanum spissifolium"
"EN","Solanum viscosissimum"
"EN","Solanum warmingii"
"EN","Symplocos corymboclados"
"EN","Symplocos itatiaiae"
"CR","Symplocos neglecta"
"EN","Symplocos organensis"
"EN","Symplocos rhamnifolia"
"EN","Thelypteris cutiataensis"
"EN","Thelypteris littoralis"
"VU","Thelypteris montana"
"CR","Thelypteris multigemmifera"
"CR","Thelypteris novaeana"
"VU","Trigoniodendron spiritusanctense"
"EN","Tropaeolum warmingianum"
"CR","Pilea aparadensis"
"VU","Pilea flammula"
"EN","Barbacenia delicatula"
"CR","Barbacenia exscapa"
"CR","Barbacenia glutinosa"
"EN","Barbacenia gounelleana"
"CR","Barbacenia longiscapa"
"EN","Barbacenia paranaensis"
"CR","Barbacenia pungens"
"CR","Barbacenia riparia"
"EN","Barbacenia rodriguesii"
"EN","Barbacenia spectabilis"
"EN","Barbacenia spiralis"
"EN","Vellozia alata"
"EN","Vellozia armata"
"EN","Vellozia barbata"
"CR","Vellozia canelinha"
"EN","Vellozia gigantea"
"EN","Vellozia glabra"
"EN","Vellozia hatschbachii"
"EN","Vellozia leptopetala"
"EN","Vellozia lilacina"
"EN","Vellozia metzgerae"
"EN","Vellozia nuda"
"EN","Vellozia patens"
"EN","Vellozia piresiana"
"EN","Vellozia pulchra"
"EN","Vellozia sessilis"
"EN","Vellozia streptophylla"
"EN","Vellozia subalata"
"EN","Aloysia hatschbachii"
"EN","Citharexylum obtusifolium"
"VU","Lippia alnifolia"
"VU","Lippia bradei"
"EN","Lippia bromleyana"
"VU","Lippia elliptica"
"VU","Lippia insignis"
"EN","Lippia morii"
"EN","Lippia pumila"
"EN","Lippia rhodocnemis"
"EN","Recordia reitzii"
"EN","Stachytarpheta almasensis"
"EN","Stachytarpheta procumbens"
"VU","Stachytarpheta radlkoferiana"
"CR","Hybanthus albus"
"EN","Pombalia strigoides"
"CR","Rinorea bicornuta"
"EN","Rinorea longistipulata"
"EN","Rinorea ramiziana"
"CR","Rinorea villosiflora"
"EN","Viola gracillima"
"EN","Cissus apendiculata"
"VU","Cissus inundata"
"EN","Callisthene inundata"
"EN","Erisma arietinum"
"VU","Qualea coerulea"
"EN","Qualea magna"
"EN","Vochysia angelica"
"EN","Vochysia pygmaea"
"EN","Vochysia santaluciae"
"EN","Xyris aurea"
"EN","Xyris blepharophylla"
"EN","Xyris cipoensis"
"CR","Xyris coutensis"
"CR","Xyris dardanoi"
"CR","Xyris fibrosa"
"EN","Xyris fusca"
"CR","Xyris hatschbachii"
"CR","Xyris hystrix"
"EN","Xyris longifolia"
"EN","Xyris lucida"
"EN","Xyris morii"
"EN","Xyris neglecta"
"CR","Xyris nigricans"
"EN","Xyris obtusiuscula"
"EN","Xyris phaeocephala"
"CR","Xyris platystachya"
"EN","Xyris reitzii"
"CR","Xyris retrorsifimbriata"
"CR","Xyris rigida"
"EN","Xyris sincorana"
"CR","Xyris sororia"
"VU","Xyris stenophylla"
"CR","Xyris tortilis"
"CR","Xyris uninervis"
"EN","Xyris vacillans"
"EN","Xyris wawrae"
"EN","Renealmia brasiliensis"
