search.str,threat.status.mma2022
Aphelandra espirito-santensis,EN
Aphelandra margaritae,VU
Aphelandra maximiliana,EN
Aphelandra rigida,EN
Aphelandra stephanophysa,VU
Dyschoriste lavandulacea,EN
Dyschoriste smithii,CR
Justicia clausseniana,EN
Justicia genuflexa,VU
Justicia meyeniana,EN
Justicia nervata,EN
Justicia polita,EN
Justicia ramulosa,VU
Justicia tijucensis,VU
Odontonema dissitiflorum,EN
Pachystachys dubiosa,EN
Schaueria paranaensis,EN
Staurogyne brachiata,EN
Staurogyne elegans,VU
Staurogyne euryphylla,EN
Staurogyne itatiaiae,EN
Staurogyne vauthieriana,EN
Staurogyne veronicifolia,EN
Staurogyne warmingiana,EN
Stenandrium hatschbachii,EN
Stenandrium stenophyllum,EN
Kuhlmanniodendron macrocarpum,EN
Sagittaria lancifolia,VU
Alstroemeria amabilis,EN
Alstroemeria brasiliensis,EN
Alstroemeria capixaba,CR
Alstroemeria caryophyllaea,EN
Alstroemeria malmeana,CR
Alstroemeria orchidioides,EN
Alstroemeria penduliflora,EN
Alternanthera hirtula,VU
Alternanthera januarensis,EN
Amaranthus rosengurtii,EN
Froelichiella grisea,EN
Gomphrena centrota,EN
Gomphrena hatschbachiana,EN
Gomphrena nigricans,CR
Gomphrena paranensis,VU
Gomphrena pulchella,EN
Gomphrena regeliana,VU
Pfaffia argyrea,EN
Pfaffia minarum,VU
Quaternella glabratoides,EN
Griffinia aracensis,CR
Griffinia colatinensis,CR
Griffinia espiritensis,EN
Griffinia gardneriana,EN
Griffinia hyacinthina,EN
Griffinia intermedia,EN
Griffinia liboniana,EN
Griffinia nocturna,CR
Griffinia parviflora,CR
Griffinia paubrasilica,CR
Hippeastrum angustifolium,VU
Hippeastrum brasilianum,EN
Hippeastrum breviflorum,EN
Hippeastrum leucobasis,CR
Hippeastrum morelianum,VU
Hippeastrum,CR
Hippeastrum psittacinum,EN
Hippeastrum,EN
Hippeastrum santacatarina,EN
Hippeastrum striatum,EN
Hippeastrum vittatum,EN
Worsleya procera,EN
Zephyranthes blumenavia,EN
Zephyranthes candida,EN
Zephyranthes capivarina,VU
Zephyranthes coerulea,VU
Zephyranthes irwiniana,VU
Zephyranthes paranaensis,EN
Astronium balansae,EN
Astronium glaziovii,EN
Astronium pumilum,VU
Campnosperma gummiferum,EN
Schinopsis balansae,EN
Schinus ramboi,EN
Spondias admirabilis,EN
Spondias bahiensis,EN
Thyrsodium bolivianum,EN
Anemia blechnoides,VU
Anemia dentata,VU
Anemia gardneri,VU
Anemia trichorhiza,VU
Anisophyllea manausensis,VU
Annona angustifolia,EN
Annona ferruginea,CR
Annona gardneri,EN
Annona parviflora,VU
Bocagea viridis,VU
Cymbopetalum euneurum,EN
Duguetia bahiensis,VU
Duguetia duckei,EN
Duguetia magnolioidea,EN
Duguetia microphylla,EN
Duguetia pohliana,EN
Duguetia restingae,CR
Duguetia rotundifolia,VU
Duguetia scottmorii,EN
Duguetia sooretamae,EN
Duguetia subcordata,EN
Guatteria attenuata,CR
Guatteria hispida,EN
Guatteria latifolia,EN
Guatteria stenocarpa,EN
Hornschuchia alba,CR
Hornschuchia cauliflora,EN
Hornschuchia leptandra,EN
Hornschuchia lianarum,EN
Hornschuchia myrtillus,VU
Hornschuchia obliqua,EN
Hornschuchia santosii,EN
Oxandra unibracteata,CR
Pseudoxandra bahiensis,VU
Pseudoxandra spiritus-sancti,EN
Trigynaea axilliflora,EN
Trigynaea oblongifolia,EN
Unonopsis aurantiaca,EN
Unonopsis bauxitae,CR
Unonopsis riedeliana,EN
Unonopsis sanctae-teresae,CR
Xylopia atlantica,EN
Xylopia brasiliensis,VU
Xylopia decorticans,EN
Xylopia involucrata,VU
Xylopia trichostemon,VU
Eryngium corallinum,CR
Eryngium divaricatum,EN
Eryngium dorae,CR
Eryngium falcifolium,EN
Eryngium fluminense,VU
Eryngium koehneanum,VU
Eryngium ombrophilum,EN
Eryngium ramboanum,CR
Eryngium scirpinum,EN
Eryngium smithii,EN
Eryngium urbanianum,EN
Eryngium zosterifolium,VU
Klotzschia rhizophylla,EN
Lilaeopsis brasiliensis,VU
Aspidosperma auriculatum,EN
Aspidosperma castroanum,EN
Aspidosperma confertiflorum,EN
Aspidosperma formosanum,EN
Aspidosperma huberianum,EN
Aspidosperma nigricans,EN
Aspidosperma obscurinervium,EN
Aspidosperma occidentale,EN
Aspidosperma oliganthum,EN
Aspidosperma parvifolium,EN
Aspidosperma rizzoanum,EN
Aspidosperma salgadense,EN
Aspidosperma thomasii,EN
Ditassa auriflora,CR
Ditassa cipoensis,EN
Ditassa cordeiroana,EN
Ditassa itambensis,EN
Ditassa laevis,EN
Ditassa leonii,VU
Ditassa longisepala,EN
Ditassa maricaensis,EN
Ditassa melantha,EN
Ditassa oberdanii,EN
Gonolobus dorothyanus,EN
Gyrostelma bornmuelleri,EN
Gyrostelma oxypetaloides,EN
Hemipogon abietoides,CR
Hemipogon hatschbachii,CR
Jobinia hatschbachii,EN
Lacmellea bahiensis,EN
Lacmellea pauciflora,EN
Macroditassa marianae,CR
Malouetia amazonica,EN
Malouetia gracillima,EN
Malouetia lata,EN
Mandevilla crassinoda,EN
Marsdenia otoniensis,CR
Marsdenia queirozii,EN
Matelea bahiensis,EN
Matelea glaziovii,VU
Matelea hatschbachii,EN
Matelea marcoassisii,VU
Metastelma giuliettianum,EN
Metastelma harleyi,EN
Minaria bifurcata,CR
Minaria diamantinensis,CR
Minaria grazielae,EN
Minaria harleyi,EN
Minaria hemipogonoides,CR
Minaria magisteriana,EN
Minaria monocoronata,CR
Minaria polygaloides,EN
Minaria refractifolia,VU
Minaria semirii,EN
Minaria volubilis,EN
Monsanima morrenioides,CR
Monsanima tinguaensis,VU
Morilloa furlanii,EN
Morilloa piranii,CR
Mucoa duckei,EN
Orthosia arenosa,EN
Oxypetalum cordifolium subsp. mexiae,CR
Oxypetalum costae,CR
Oxypetalum dusenii,EN
Oxypetalum ekblomii,EN
Oxypetalum glaziovii,EN
Oxypetalum leonii,EN
Oxypetalum schottii,EN
Parahancornia krukovii,EN
Prestonia solanifolia,EN
Rauvolfia capixabae,EN
Spongiosperma longilobum,EN
Tabernaemontana cumata,EN
Cathedra paraensis,EN
Ilex auricula,EN
Ilex diuretica,VU
Ilex euryaeformis,EN
Ilex loranthoides,VU
Ilex prostrata,CR
Ilex sapiiformis,CR (PEX)
Ilex schwackeana,VU
Anthurium augustinum,EN
Anthurium binotii,EN
Anthurium bragae,EN
Anthurium cronembergerae,EN
Anthurium jureianum,VU
Anthurium langsdorffii,EN
Anthurium laucheanum,EN
Anthurium lhotzkyanum,VU
Anthurium lucidum,CR
Anthurium luschnathianum,EN
Anthurium radicans,VU
Anthurium sakuraguianum,CR
Anthurium simonii,EN
Anthurium xanthophylloides,VU
Heteropsis flexuosa,VU
Philodendron alternans,EN
Philodendron fragile,EN
Philodendron luisae,CR
Philodendron nadruzianum,EN
Philodendron spiritus-sancti,EN
Aralia bahiana,EN
Dendropanax amorimii,EN
Dendropanax denticulatus,EN
Dendropanax geniculatus,CR
Dendropanax heterophyllus,CR
Dendropanax langsdorfii,VU
Dendropanax nebulosus,EN
Dendropanax trilobus,CR
Didymopanax acuminatus,EN
Didymopanax auratus,EN
Didymopanax capixabus,CR
Didymopanax gardneri,EN
Didymopanax glaziovii,EN
Didymopanax grandigemmus,CR
Didymopanax kollmannii,EN
Didymopanax plurifolius,VU
Didymopanax racemiferus,CR
Didymopanax ruschianus,CR
Didymopanax villosissimus,EN
Hydrocotyle bradei,CR
Hydrocotyle langsdorffii,EN
Hydrocotyle ulei,EN
Sciodaphyllum sprucei,EN
Araucaria angustifolia,EN
Acrocomia emensis,VU
Allagoptera brevicalyx,VU
Attalea barreirensis,VU
Bactris timbuiensis,EN
Butia capitata,VU
Butia eriospatha,VU
Butia exilata,CR
Butia leptospatha,CR
Butia microspadix,VU
Butia purpurascens,EN
Butia yatay,VU
Euterpe edulis,VU
Syagrus glaucescens,VU
Syagrus macrocarpa,EN
Syagrus mendanhensis,CR
Syagrus picrophylla,VU
Syagrus ruschiana,VU
Syagrus weddelliana,EN
Trithrinax acanthocoma,VU
Aristolochia hypoglauca,EN
Aristolochia odora,VU
Aristolochia raja,EN
Gongylanthus liebmannianus,EN
Southbya organensis,CR
Asplenium beckeri,CR
Asplenium bradeanum,EN
Asplenium cariocanum,EN
Asplenium castaneum,EN
Asplenium schwackei,CR
Asplenium trindadense,CR
Achyrocline eriodes,VU
Acmella pusilla,EN
Acritopappus buiquensis,CR
Acritopappus catolesensis,EN
Acritopappus connatifolius,EN
Acritopappus harleyi,CR
Acritopappus irwinii,VU
Acritopappus pereirae,CR
Acritopappus pintoi,EN
Acritopappus prunifolius,VU
Acritopappus subtomentosus,CR
Acritopappus teixeirae,VU
Agrianthus almasensis,EN
Agrianthus giuliettiae,EN
Aldama corumbensis,EN
Aldama filifolia,EN
Aldama goyazii,VU
Aldama linearifolia,CR
Aldama paranensis,CR
Aldama vernonioides,EN
Anteremanthus hatschbachii,EN
Anteremanthus piranii,EN
Aspilia almasensis,VU
Aspilia belo-horizontinae,CR
Aspilia caudata,EN
Aspilia cordifolia,EN
Aspilia cylindrocephala,VU
Aspilia diamantinae,EN
Aspilia diffusiflora,VU
Aspilia diniz-cruzeanae,CR
Aspilia eglerii,CR
Aspilia espinhacensis,EN
Aspilia grazielae,EN
Aspilia jugata,CR
Aspilia ovatifolia,CR
Aspilia pereirae,EN
Aspilia prostrata,EN
Aspilia reticulata,VU
Aspilia silphioides,EN
Austrocritonia rosea,EN
Austrocritonia taunayana,EN
Austroeupatorium rosmarinaceum,VU
Baccharis aracatubensis,EN
Baccharis bifrons,EN
Baccharis ciliata,CR
Baccharis concinna,VU
Baccharis elliptica,EN
Baccharis friburgensis,EN
Baccharis hypericifolia,EN
Baccharis lychnophora,VU
Baccharis penningtonii,VU
Baccharis polyphylla,VU
Baccharis pseudoalpestris,VU
Baccharis pseudovaccinioides,CR
Caatinganthus rubropappus,EN
Calea abbreviata,CR
Calea acaulis,VU
Calea brittoniana,CR
Calea gentianoides,VU
Calea heteropappa,EN
Calea kristiniae,EN
Calea wedelioides,EN
Campuloclinium parvulum,VU
Catolesia mentiens,CR
Chaptalia chapadensis,CR
Chaptalia cordifolia,VU
Chaptalia hermogenis,CR
Chionolaena lychnophorioides,VU
Chresta souzae,EN
Chromolaena arrayana,EN
Chromolaena costatipes,EN
Chromolaena rhinanthacea,EN
Chronopappus bifrons,EN
Chrysolaena nicolackii,VU
Cololobus longiangustatus,EN
Cololobus rupestris,EN
Dasyphyllum cryptocephalum,EN
Dasyphyllum leptacanthum,EN
Dendrophorbium catharinense,VU
Dendrophorbium paranense,EN
Dimerostemma annuum,EN
Dimerostemma episcopale,EN
Dimerostemma grazielae,VU
Dimerostemma myrtifolium,EN
Disynaphia ericoides,EN
Disynaphia praeficta,EN
Disynaphia variolata,EN
Echinocoryne echinocephala,EN
Eremanthus arboreus,CR
Eremanthus argenteus,EN
Eremanthus auriculatus,VU
Eremanthus brevifolius,CR
Eremanthus ovatifolius,CR
Eremanthus praetermissus,VU
Eremanthus reticulatus,EN
Eremanthus syncephalus,EN
Eremanthus veadeiroensis,EN
Fulcaldea stuessyi,CR
Graphistylis cuneifolia,CR
Heterocoma albida,CR
Heterocoma ekmaniana,EN
Heterocoma erecta,EN
Heterocoma lanuginosa,EN
Heterocondylus lysimachioides,VU
Hoehnephytum almasense,EN
Holocheilus hieracioides,EN
Holocheilus monocephalus,EN
Hololepis hatschbachii,CR
Hysterionica pinnatiloba,EN
Hysterionica pinnatisecta,CR
Ianthopappus corymbosus,CR
Ichthyothere elliptica,EN
Lepidaploa almasensis,CR
Lepidaploa araujoa,CR
Lepidaploa gnaphalioides,EN
Lepidaploa obtusifolia,EN
Lepidaploa persicifolia,VU
Lepidaploa pseudaurea,EN
Lepidaploa spixiana,EN
Leptostelma catharinense,EN
Lessingianthus adenophyllus,EN
Lessingianthus asteriflorus,EN
Lessingianthus constrictus,CR
Lessingianthus eitenii,EN
Lessingianthus exiguus,VU
Lessingianthus glaziovianus,EN
Lessingianthus irwinii,VU
Lessingianthus pumillus,VU
Lessingianthus reitzianus,VU
Lessingianthus rosmarinifolius,EN
Lessingianthus souzae,EN
Lessingianthus stoechas,VU
Lessingianthus subcarduoides,EN
Lessingianthus venosissimus,EN
Lessingianthus westermanii,EN
Lessingianthus zuccarinianus,VU
Lomatozona artemisiifolia,EN
Lulia nervosa,EN
Lychnocephalus humillimus,CR
Lychnocephalus mellobarretoi,EN
Lychnocephalus sellovii,EN
Lychnocephalus tomentosus,VU
Lychnophora albertinioides,CR
Lychnophora brunioides,CR
Lychnophora candelabrum,VU
Lychnophora crispa,EN
Lychnophora damazioi,EN
Lychnophora diamantinana,EN
Lychnophora gardneri,VU
Lychnophora hatschbachii,EN
Lychnophora martiana,EN
Lychnophora pohlii,VU
Lychnophora ramosissima,VU
Lychnophora rosmarinifolia,VU
Lychnophora rupestris,EN
Lychnophora souzae,CR
Lychnophora staavioides,EN
Lychnophora villosissima,VU
Lychnophorella leucodendron,EN
Lychnophorella regis,EN
Lychnophorella santosii,EN
Lychnophorella sericea,CR
Macropodina bradei,EN
Maschalostachys markgrafii,EN
Maschalostachys mellosilvae,EN
Mikania additicia,EN
Mikania alvimii,EN
Mikania anethifolia,EN
Mikania argyreiae,VU
Mikania cabrerae,EN
Mikania campos-portoana,EN
Mikania cipoensis,EN
Mikania clematidifolia,VU
Mikania dusenii,CR
Mikania firmula,VU
Mikania glabra,EN
Mikania glauca,EN
Mikania hartbergii,EN
Mikania hastato-cordata,VU
Mikania hastifolia,EN
Mikania itambana,EN
Mikania neurocaula,EN
Mikania oreophila,EN
Mikania pinnatiloba,EN
Mikania premnifolia,EN
Mikania pteropoda,EN
Mikania variifolia,EN
Mikania vauthieriana,EN
Mikania viminea,EN
Mikania warmingii,EN
Minasia alpestris,EN
Minasia pereirae,EN
Minasia scapigera,EN
Monogereion carajensis,CR
Moquiniastrum argyreum,EN
Moquiniastrum cordatum,EN
Moquiniastrum hatschbachii,VU
Moquiniastrum mollissimum,CR
Moquiniastrum ramboi,VU
Moquiniastrum sordidum,VU
Neocabreria malachophylla,VU
Noticastrum hatschbachii,EN
Noticastrum malmei,EN
Noticastrum psammophilum,EN
Ophryosporus organensis,CR
Pamphalea araucariophila,EN
Pamphalea cardaminifolia,EN
Pamphalea maxima,CR
Pamphalea ramboi,CR
Pamphalea smithii,EN
Paralychnophora atkinsiae,CR
Paralychnophora bicolor,VU
Paralychnophora harleyi,VU
Paralychnophora patriciana,EN
Perezia eryngioides,EN
Perezia multiflora,EN
Picrosia cabreriana,CR
Piptocarpha longipedunculata,EN
Piptocarpha robusta,EN
Piptocarpha verticillata,EN
Piptolepis buxoides,EN
Piptolepis imbricata,CR
Piptolepis leptospermoides,CR
Porophyllum bahiense,VU
Proteopsis argentea,VU
Richterago angustifolia,EN
Richterago arenaria,VU
Richterago campestris,EN
Richterago caulescens,CR
Richterago conduplicata,EN
Richterago elegans,VU
Richterago hatschbachii,EN
Richterago lanata,EN
Richterago petiolata,EN
Richterago polyphylla,EN
Richterago riparia,VU
Richterago stenophylla,EN
Richterago suffrutescens,CR
Schlechtendalia luzulifolia,EN
Senecio almasensis,CR
Senecio arctiifolius,EN
Senecio caparaoensis,EN
Senecio gertii,EN
Senecio graciellae,EN
Senecio hatschbachii,EN
Senecio heteroschizus,EN
Senecio langei,VU
Senecio promatensis,CR
Senecio ramboanus,EN
Senecio ramentaceus,VU
Senecio riograndensis,EN
Smallanthus araucariophilus,CR
Smallanthus riograndensis,EN
Stevia catharinensis,EN
Stevia hilarii,CR
Stevia leptophylla,EN
Stevia organensis,EN
Stevia riedelli,EN
Stevia selloi,VU
Steyermarkina dispalata,VU
Stifftia fruticosa,VU
Stilpnopappus semirianus,EN
Stilpnopappus suffruticosus,CR
Stomatanthes loefgrenii,CR
Strophopappus bicolor,EN
Strophopappus ferrugineus,EN
Stylotrichium corymbosum,EN
Stylotrichium edmundoi,EN
Stylotrichium glomeratum,CR
Stylotrichium sucrei,EN
Symphyopappus uncinatus,EN
Trichocline linearifolia,VU
Trichogoniopsis podocarpa,EN
Trixis glaziovii,VU
Trixis pallida,CR
Vernonanthura fagifolia,VU
Vernonanthura spathulata,CR
Vickia rotundifolia,VU
Wedelia macedoi,CR
Wunderlichia azulensis,VU
Wunderlichia insignis,EN
Wunderlichia senae,EN
Begonia albidula,EN
Begonia altamiroi,EN
Begonia apparicioi,EN
Begonia bahiensis,EN
Begonia besleriifolia,EN
Begonia bonitoensis,CR
Begonia coccinea,EN
Begonia collaris,EN
Begonia concinna,EN
Begonia crispula,CR
Begonia curtii,VU
Begonia densifolia,EN
Begonia dentatiloba,EN
Begonia depauperata,EN
Begonia edmundoi,EN
Begonia epipsila,EN
Begonia espiritosantensis,EN
Begonia friburgensis,EN
Begonia handroi,EN
Begonia ibitiocensis,EN
Begonia inconspicua,CR
Begonia itaguassuensis,EN
Begonia itatinensis,EN
Begonia jocelinoi,CR
Begonia jureiensis,CR
Begonia kuhlmannii,EN
Begonia lanstyakii,CR
Begonia larorum,CR
Begonia lunaris,EN
Begonia olsoniae,VU
Begonia organensis,EN
Begonia paranaensis,EN
Begonia paulensis,EN
Begonia perdusenii,EN
Begonia piresiana,CR
Begonia pluvialis,EN
Begonia polygonifolia,EN
Begonia ramentacea,VU
Begonia rubropilosa,CR
Begonia ruschii,CR
Begonia salesopolensis,CR
Begonia sanguinea,VU
Begonia santoslimae,EN
Begonia scharffii,CR
Begonia semidigitata,EN
Begonia stenolepis,EN
Begonia sylvatica,EN
Begonia sylvestris,EN
Begonia toledoana,EN
Begonia tomentosa,VU
Begonia undulata,EN
Begonia venosa,CR
Begonia vicina,EN
Berberis campos-portoi,CR
Adenocalymma dichilum,EN
Adenocalymma ubatubense,CR
Anemopaegma arvense,EN
Anemopaegma mirabile,CR
Bignonia costata,VU
Fridericia crassa,VU
Fridericia elegans,EN
Handroanthus arianeae,EN
Handroanthus botelhensis,EN
Handroanthus cristatus,EN
Handroanthus grandiflorus,CR
Handroanthus riodocensis,EN
Handroanthus spongiosus,EN
Jacaranda crassifolia,EN
Jacaranda egleri,CR
Jacaranda grandifoliolata,EN
Jacaranda microcalyx,EN
Jacaranda rugosa,EN
Paratecoma peroba,EN
Pleonotoma bracteata,VU
Sparattosperma catingae,EN
Tabebuia cassinoides,VU
Tabebuia nodosa,EN
Austroblechnum andinum,CR
Austroblechnum squamipes,EN
Blechnum heringeri,VU
Cranfillia caudata,VU
Cordia blanchetii,EN
Cordia candida,EN
Cordia fusca,EN
Cordia gardneri,EN
Cordia hatschbachii,VU
Cordia latiloba,EN
Cordia ochnacea,EN
Cordia restingae,EN
Cordia ulei,EN
Aechmea alopecurus,EN
Aechmea amicorum,EN
Aechmea apocalyptica,VU
Aechmea azurea,VU
Aechmea bambusoides,VU
Aechmea caesia,EN
Aechmea cariocae,EN
Aechmea castanea,EN
Aechmea echinata,EN
Aechmea fasciata,VU
Aechmea fosteriana,EN
Aechmea kertesziae,EN
Aechmea kleinii,EN
Aechmea macrochlamys,EN
Aechmea marginalis,CR
Aechmea muricata,EN
Aechmea mutica,EN
Aechmea orlandiana,CR
Aechmea sphaerocephala,EN
Aechmea triangularis,EN
Aechmea vanhoutteana,VU
Aechmea werdermannii,EN
Aechmea winkleri,CR
Alcantarea benzingii,CR
Alcantarea duarteana,EN
Alcantarea farneyi,CR
Alcantarea geniculata,EN
Alcantarea glaziouana,EN
Alcantarea heloisae,EN
Alcantarea imperialis,VU
Alcantarea martinellii,VU
Alcantarea nahoumii,VU
Alcantarea nevaresii,VU
Alcantarea tortuosa,VU
Alcantarea vinicolor,EN
Araeococcus montanus,EN
Billbergia brasiliensis,EN
Bromelia braunii,CR
Canistropsis albiflora,VU
Canistropsis elata,CR
Canistropsis marceloi,VU
Canistropsis pulcherrima,EN
Canistrum alagoanum,EN
Canistrum aurantiacum,EN
Canistrum camacaense,EN
Canistrum fosterianum,CR
Canistrum guzmanioides,EN
Canistrum montanum,EN
Canistrum pickelii,VU
Canistrum triangulare,EN
Cryptanthus bromelioides,EN
Cryptanthus capitatus,EN
Cryptanthus coriaceus,EN
Cryptanthus dorothyae,EN
Cryptanthus maritimus,EN
Cryptanthus minarum,EN
Cryptanthus sinuosus,EN
Cryptanthus zonatus,VU
Deuterocohnia meziana,VU
Dyckia agudensis,CR
Dyckia delicata,CR
Dyckia distachya,CR
Dyckia fosteriana,EN
Dyckia hatschbachii,CR
Dyckia ibiramensis,EN
Dyckia maritima,EN
Dyckia martinellii,CR
Dyckia monticola,CR
Dyckia rariflora,EN
Dyckia reitzii,EN
Dyckia remotiflora,EN
Dyckia ursina,CR
Eduandrea selloana,EN
Encholirium biflorum,CR
Encholirium disjunctum,CR
Encholirium gracile,EN
Encholirium heloisae,EN
Encholirium horridum,EN
Encholirium irwinii,CR
Encholirium kranzianum,CR
Encholirium longiflorum,CR
Encholirium luxor,EN
Encholirium pedicellatum,CR
Encholirium scrutor,EN
Encholirium splendidum,EN
Encholirium vogelii,CR
Fernseea bocainensis,CR
Fernseea itatiaiae,EN
Guzmania monostachia,VU
Guzmania sanguinea,EN
Hohenbergia castellanosii,EN
Hohenbergia correia-araujoi,CR
Hohenbergia littoralis,EN
Hoplocryptanthus caracensis,CR
Hoplocryptanthus glaziovii,CR
Karawata depressa,EN
Karawata gustavoi,CR
Lapanthus duartei,EN
Lymania alvimii,EN
Lymania azurea,EN
Lymania brachycaulis,EN
Lymania corallina,EN
Lymania globosa,EN
Lymania spiculata,CR
Neoregelia abendrothae,EN
Neoregelia angustibracteolata,CR
Neoregelia bragarum,EN
Neoregelia brownii,CR
Neoregelia coimbrae,EN
Neoregelia coriacea,EN
Neoregelia eltoniana,EN
Neoregelia fosteriana,CR
Neoregelia hoehneana,EN
Neoregelia indecora,EN
Neoregelia inexspectata,EN
Neoregelia lactea,CR
Neoregelia leprosa,VU
Neoregelia leucophoea,EN
Neoregelia longipedicellata,CR
Neoregelia macahensis,EN
Neoregelia menescalii,EN
Neoregelia oligantha,VU
Neoregelia paulistana,EN
Neoregelia pernambucana,EN
Neoregelia petropolitana,EN
Neoregelia roethii,CR
Neoregelia ruschii,EN
Neoregelia sanguinea,EN
Neoregelia sapiatibensis,EN
Neoregelia tenebrosa,EN
Nidularium altimontanum,CR
Nidularium angustifolium,EN
Nidularium apiculatum,VU
Nidularium atalaiaense,EN
Nidularium azureum,EN
Nidularium bocainense,EN
Nidularium corallinum,EN
Nidularium ferrugineum,CR
Nidularium fradense,EN
Nidularium fulgens,VU
Nidularium itatiaiae,EN
Nidularium jonesianum,EN
Nidularium kautskyanum,EN
Nidularium mangaratibense,CR
Nidularium minutum,VU
Nidularium rosulatum,VU
Nidularium serratum,VU
Nidularium utriculosum,CR
Nidularium viridipetalum,EN
Orthophytum duartei,EN
Orthophytum foliosum,VU
Orthophytum fosterianum,EN
Orthophytum grossiorum,EN
Orthophytum magalhaesii,EN
Orthophytum zanonii,CR
Pitcairnia albiflos,VU
Pitcairnia bradei,CR
Pitcairnia burlemarxii,CR
Pitcairnia corcovadensis,VU
Pitcairnia decidua,EN
Pitcairnia encholirioides,EN
Pitcairnia glaziovii,EN
Pitcairnia insularis,CR
Pitcairnia limae,CR
Pitcairnia staminea,EN
Pitcairnia suaveolens,EN
Pitcairnia wendtiae,CR
Portea alatisepala,VU
Portea fosteriana,EN
Portea grandiflora,VU
Portea kermesina,EN
Portea nana,EN
Quesnelia kautskyi,VU
Quesnelia lateralis,VU
Quesnelia seideliana,EN
Rokautskyia caulescens,EN
Rokautskyia exaltata,EN
Rokautskyia fernseeoides,CR
Rokautskyia odoratissima,EN
Rokautskyia pseudoscaposa,EN
Rokautskyia robertokautskyi,CR
Rokautskyia scaposa,EN
Rokautskyia whitmanii,CR
Sincoraea amoena,EN
Sincoraea humilis,CR
Stigmatodon amadoi,CR
Stigmatodon brassicoides,EN
Stigmatodon costae,CR
Stigmatodon funebris,EN
Stigmatodon goniorachis,EN
Stigmatodon harrylutheri,CR
Tillandsia afonsoana,CR
Tillandsia araujei,EN
Tillandsia brachyphylla,EN
Tillandsia carminea,EN
Tillandsia crocata,EN
Tillandsia grazielae,EN
Tillandsia heubergeri,VU
Tillandsia jonesii,CR
Tillandsia kautskyi,VU
Tillandsia neglecta,CR
Tillandsia reclinata,CR
Tillandsia roseiflora,EN
Tillandsia sucrei,CR
Tillandsia xiphioides,EN
Vriesea agostiniana,EN
Vriesea altimontana,EN
Vriesea altomacaensis,VU
Vriesea amethystina,CR
Vriesea arachnoidea,EN
Vriesea biguassuensis,EN
Vriesea bleherae,CR
Vriesea botafogensis,EN
Vriesea cacuminis,EN
Vriesea calimaniana,CR
Vriesea cearensis,EN
Vriesea delicatula,VU
Vriesea diamantinensis,EN
Vriesea eltoniana,EN
Vriesea fluminensis,EN
Vriesea fontourae,CR
Vriesea fradensis,CR
Vriesea garlippiana,EN
Vriesea gracilior,VU
Vriesea kautskyana,VU
Vriesea leptantha,CR
Vriesea longistaminea,CR
Vriesea menescalii,EN
Vriesea minarum,EN
Vriesea nubicola,CR
Vriesea pastuchoffiana,EN
Vriesea penduliflora,EN
Vriesea pinottii,EN
Vriesea racinae,EN
Vriesea rubyae,EN
Vriesea saundersii,EN
Vriesea saxicola,EN
Vriesea sazimae,VU
Vriesea sucrei,EN
Vriesea teresopolitana,CR
Vriesea thyrsoidea,EN
Vriesea vidalii,VU
Vriesea warmingii,EN
Vriesea wawranea,EN
Vriesea weberi,CR
Vriesea zildae,VU
Wittrockia superba,EN
Pringleella subulata,EN
Bursera pereirae,EN
Bursera simaruba,VU
Dacryodes edilsonii,EN
Protium bahianum,EN
Protium breviacuminatum,EN
Protium catuaba,VU
Protium giganteum var. crassifolium,VU
Protium glaziovii,EN
Protium icicariba var. talmonii,EN
Protium inodorum,EN
Protium occhionii,EN
Trattinnickia ferruginea,EN
Trattinnickia mensalis,EN
Arrojadoa bahiensis,EN
Arrojadoa eriocaulis,EN
Arthrocereus glaziovii,EN
Arthrocereus melanurus subsp. melanurus,EN
Arthrocereus melanurus subsp. magnus,EN
Arthrocereus melanurus subsp. odorus,EN
Arthrocereus rondonianus,EN
Brasilicereus markgrafii,EN
Cereus mirabella,VU
Cipocereus bradei,VU
Cipocereus crassisepalus,EN
Cipocereus laniflorus,EN
Cipocereus minensis,VU
Cipocereus pusilliflorus,CR
Coleocephalocereus buxbaumianus subsp. flavisetus,VU
Coleocephalocereus purpureus,EN
Discocactus bahiensis,VU
Discocactus catingicola,VU
Discocactus horstii,CR
Discocactus pseudoinsignis,CR
Discocactus zehntneri,VU
Echinopsis calochlora,CR
Echinopsis oxygona,EN
Espostoopsis dybowskii,EN
Facheiroa cephaliomelana,EN
Facheiroa cephaliomelana subsp. estevesii,EN
Facheiroa ulei,EN
Frailea buenekeri,EN
Frailea castanea,EN
Frailea mammifera,CR
Frailea phaeodisca,EN
Frailea pumila,VU
Frailea pygmaea,VU
Gymnocalycium denudatum,EN
Hatiora herminiae,VU
Melocactus azureus,EN
Melocactus conoideus,CR
Melocactus deinacanthus,CR
Melocactus ferreophilus,EN
Melocactus glaucescens,EN
Melocactus lanssensianus,EN
Melocactus pachyacanthus,EN
Melocactus paucispinus,VU
Melocactus violaceus,VU
Melocactus violaceus subsp. ritteri,EN
Micranthocereus albicephalus,EN
Micranthocereus auriazureus,EN
Micranthocereus dolichospermaticus,EN
Micranthocereus polyanthus,EN
Micranthocereus streckeri,CR
Micranthocereus violaciflorus,EN
Parodia concinna,EN
Parodia crassigibba,EN
Parodia erinacea,EN
Parodia mammulosa,EN
Parodia oxycostata,VU
Parodia rechensis,CR
Parodia scopa,EN
Pereskia aureiflora,VU
Pilosocereus aurisetus subsp. aurilanatus,EN
Pilosocereus azulensis,CR
Pilosocereus floccosus subsp. quadricostatus,EN
Pilosocereus fulvilanatus,EN
Pilosocereus glaucochrous,VU
Pilosocereus magnificus,EN
Pilosocereus multicostatus,EN
Pilosocereus ulei,EN
Rhipsalis agudoensis,EN
Rhipsalis cereoides,CR
Rhipsalis flagelliformis,EN
Rhipsalis mesembryanthemoides,EN
Rhipsalis ormindoi,VU
Rhipsalis pacheco-leonis,EN
Rhipsalis paradoxa subsp. septentrionalis,EN
Rhipsalis pentaptera,CR
Rhipsalis triangularis,EN
Schlumbergera kautskyi,EN
Schlumbergera microsphaerica,VU
Schlumbergera opuntioides,VU
Schlumbergera russelliana,EN
Tacinga braunii,VU
Uebelmannia buiningii,CR
Uebelmannia gummifera,VU
Uebelmannia pectinifera,EN
Caraipa balbinensis,CR
Caraipa rodriguesii,VU
Kielmeyera albopunctata,VU
Kielmeyera aureovinosa,EN
Kielmeyera bifaria,EN
Kielmeyera decipiens,CR
Kielmeyera elata,EN
Kielmeyera excelsa,VU
Kielmeyera fatimae,EN
Kielmeyera ferruginosa,CR
Kielmeyera gracilis,EN
Kielmeyera insignis,EN
Kielmeyera itacarensis,EN
Kielmeyera marauensis,EN
Kielmeyera occhioniana,EN
Kielmeyera rizziniana,EN
Kielmeyera rufotomentosa,EN
Kielmeyera rupestris,CR
Kielmeyera sigillata,CR
Boopis bupleuroides,EN
Boopis itatiaiae,EN
Lobelia hilaireana,EN
Lobelia langeana,EN
Lobelia santos-limae,CR
Cinnamodendron axillare,EN
Cinnamodendron occhionianum,CR
Celtis orthacanthos,EN
Colicodendron bahianum,VU
Neocalyptrocalyx nectareus,EN
Valeriana glaziovii Taub.,EN
Valeriana glechomifolia,EN
Valeriana organensis,CR
Valeriana reitziana Borsini,VU
Valeriana tajuvensis,VU
Citronella engleriana,EN
Monteverdia acanthophylla,VU
Monteverdia chapadensis,EN
Monteverdia fugax,EN
Monteverdia horrida,EN
Monteverdia longifolia,VU
Monteverdia megalocarpa,EN
Monteverdia psammophila,EN
Monteverdia rupestris,VU
Monteverdia samydiformis,CR
Peritassa longifolia,VU
Peritassa sadleri,CR
Salacia mosenii,CR
Tontelea corcovadensis,EN
Tontelea lanceolata,EN
Tontelea martiana,EN
Couepia belemii,EN
Couepia bondarii,EN
Couepia carautae,CR
Couepia coarctata,CR
Couepia eriantha,VU
Couepia insignis,EN
Couepia joaquinae,CR
Couepia leitaofilhoi,EN
Couepia longipetiolata,EN
Couepia meridionalis,CR
Couepia oxossii,EN
Couepia parvifolia,EN
Couepia schottii,EN
Exellodendron gracile,EN
Hirtella angustifolia,VU
Hirtella conduplicata,CR
Hirtella floribunda,EN
Hirtella glaziovii,EN
Hirtella juruensis,EN
Hirtella kuhlmannii,EN
Hirtella lancifolia,VU
Hirtella parviunguis,EN
Hirtella prancei,EN
Hirtella santosii,EN
Hymenopus adolphoduckei,EN
Hymenopus conferruminatus,CR
Leptobalanus maguirei,EN
Leptobalanus turbinatus,EN
Licania arianeae,EN
Licania belemii,EN
Licania cymosa,EN
Licania indurata,EN
Licania lamentanda,EN
Licania naviculistipula,EN
Licania tocantina,EN
Moquilea araneosa,VU
Parinari alvimii,EN
Crocanthemum brasiliensis,EN
Clusia aemygdioi,EN
Clusia burchellii,EN
Clusia diamantina,EN
Clusia fragrans,EN
Clusia immersa,EN
Clusia riedeliana,EN
Garcinia albuquerquei,EN
Lorostemon coelhoi,EN
Combretum rupicola,CR
Terminalia acuminata,EN
Dichorisandra acaulis,EN
Dichorisandra gaudichaudiana,EN
Dichorisandra glaziovii,VU
Dichorisandra leucophthalmos,VU
Dichorisandra nana,EN
Dichorisandra neglecta,CR
Dichorisandra odorata,VU
Dichorisandra oxypetala,EN
Dichorisandra picta,CR
Siderasis fuscata,EN
Connarus marginatus,EN
Rourea bahiensis,EN
Rourea cnestidifolia,EN
Rourea laurifolia,VU
Rourea pseudospadicea,EN
Bonamia umbellata,CR
Distimake repens,EN
Evolvulus chrysotrichos,EN
Evolvulus glaziovii,VU
Evolvulus kramerioides,VU
Evolvulus rariflorus,VU
Evolvulus riedelii,EN
Evolvulus stellariifolius,EN
Ipomoea carajasensis,VU
Ipomoea cavalcantei,EN
Ipomoea daturiflora,VU
Ipomoea macedoi,CR
Ipomoea subrevoluta,VU
Jacquemontia cephalantha,VU
Jacquemontia revoluta,EN
Crassula peduncularis,CR
Wilbrandia glaziovii,EN
Lamanonia brasiliensis,EN
Lamanonia ulei,EN
Bulbostylis distichoides,VU
Bulbostylis nesiotis,VU
Bulbostylis smithii,EN
Cyperus appendiculatus var. atlanticus,VU
Hypolytrum amorimii,CR
Hypolytrum bahiense,EN
Hypolytrum glaziovii,CR
Hypolytrum lucennoi,VU
Hypolytrum paraense,EN
Lagenocarpus bracteosus,EN
Rhynchospora pilulifera,CR
Scleria balansae,VU
Trilepis tenuis,CR
Stephanopodium engleri,EN
Stephanopodium estrellense,EN
Stephanopodium gracile,VU
Stephanopodium magnifolium,EN
Stephanopodium sessile,EN
Tapura follii,CR
Tapura wurdackiana,EN
Dicksonia sellowiana,EN
Atractylocarpus brasiliensis,EN
Atractylocarpus longisetus,EN
Campylopus densicoma,EN
Davilla glaziovii,EN
Davilla macrocarpa,VU
Doliocarpus lancifolius,EN
Dioscorea asperula,VU
Dioscorea bradei,EN
Dioscorea campanulata,EN
Dioscorea itatiaiensis,CR
Dioscorea loefgrenii,VU
Dioscorea mantiqueirensis,CR
Dioscorea margarethia,CR
Dioscorea pedalis,VU
Dioscorea pseudomacrocapsa,EN
Dioscorea sanpaulensis,EN
Dioscorea sphaeroidea,CR
Dioscorea trilinguis,EN
Chrysoblastella chilensis,EN
Drosera graminifolia,CR
Drosera graomogolensis,EN
Drosera magnifica,CR
Drosera quartzicola,EN
Elaphoglossum acrocarpum,VU
Elaphoglossum beckeri,CR
Megalastrum wacketii,EN
Polystichum bradei,EN
Diospyros agnitser,EN
Diospyros amabi,EN
Diospyros bullata,VU
Diospyros ketun,VU
Diospyros longistyla,VU
Diospyros mexiae,EN
Diospyros riedelii,EN
Diospyros scottmorii,EN
Diospyros serrana,CR
Diospyros tarim,EN
Diospyros ubaita,EN
Sloanea fasciculata,EN
Sloanea froesii,VU
Sloanea hatschbachii,EN
Sloanea obtusifolia,EN
Sloanea petalata,CR
Sloanea spathulata,VU
Ephedra tweediana,VU
Agarista organensis,CR
Agarista uleana,VU
Gaultheria sleumeriana,CR
Gaylussacia angulata,EN
Gaylussacia caparoensis,EN
Gaylussacia centunculifolia,EN
Gaylussacia harleyi,VU
Gaylussacia oleifolia,VU
Gaylussacia pruinosa,CR
Gaylussacia retivenia,EN
Gaylussacia setosa,CR
Actinocephalus cipoensis,CR
Actinocephalus claussenianus,VU
Comanthera bahiensis,EN
Comanthera brasiliana,CR
Comanthera elegans,EN
Comanthera harleyi,VU
Comanthera mucugensis,EN
Comanthera pignalii,CR
Leiothrix echinocephala,VU
Paepalanthus argyrotrychus,CR
Paepalanthus ater,CR
Paepalanthus capixaba,CR
Paepalanthus echinoides,EN
Paepalanthus farinaceus,CR
Paepalanthus flexuosus,CR
Paepalanthus hydra,EN
Paepalanthus longiciliatus,CR
Paepalanthus macaheensis,EN
Paepalanthus macer,CR
Paepalanthus ovatus,EN
Paepalanthus polygonus,EN
Paepalanthus stellatus,VU
Paepalanthus urbanianus,VU
Paepalanthus velutiphyllus,EN
Syngonanthus incurvifolius,CR
Syngonanthus itambeensis,EN
Syngonanthus laricifolius,VU
Syngonanthus vittatus,EN
Heisteria huberiana,CR
Erythroxylum ayrtonianum,CR
Erythroxylum bezerrae,EN
Erythroxylum catharinense,EN
Erythroxylum cincinnatum,EN
Erythroxylum compressum,EN
Erythroxylum frangulifolium,EN
Erythroxylum leal-costae,CR
Erythroxylum magnoliifolium,EN
Erythroxylum mattos-silvae,EN
Erythroxylum membranaceum,EN
Erythroxylum nelson-rosae,EN
Erythroxylum nitidum,EN
Erythroxylum nordestinum,EN
Erythroxylum occultum,CR
Erythroxylum ovalifolium,VU
Erythroxylum petrae-caballi,VU
Erythroxylum schomburgkii,EN
Erythroxylum sobraleanum,CR
Erythroxylum splendidum,EN
Erythroxylum substriatum,VU
Erythroxylum tianguanum,CR
Erythroxylum umbrosum,EN
Erythroxylum vernicosum,EN
Escallonia obtusissima,VU
Escallonia petrophila,EN
Actinostemon roseliae,EN
Adenophaedra cearensis,CR
Algernonia bahiensis,VU
Algernonia brasiliensis,VU
Algernonia dimitrii,EN
Algernonia kuhlmannii,CR
Astraea cincta,EN
Bernardia crassifolia,EN
Caperonia buettneriacea,VU
Chiropetalum foliosum,EN
Cnidoscolus hamosus,CR
Cnidoscolus magni-gerdtii,CR
Cnidoscolus rupestris,EN
Croton campanulatus,EN
Croton caryophyllus,EN
Croton diasii,EN
Croton hemiargyreus,EN
Croton leptobotryus,VU
Croton priscus,EN
Croton sapiifolius,EN
Croton thomasii,EN
Dalechampia purpurata,EN
Dalechampia riparia,CR
Euphorbia appariciana,EN
Euphorbia attastoma,EN
Euphorbia crossadenia,EN
Euphorbia gymnoclada,VU
Euphorbia holochlorina,CR
Euphorbia sabulicola,CR
Glycydendron espiritosantense,VU
Hevea camargoana,EN
Manihot hahnii,EN
Manihot longiracemosa,EN
Manihot procumbens,VU
Ophthalmoblapton macrophyllum,EN
Ophthalmoblapton pedunculare,VU
Sebastiania pteroclada,CR
Stillingia loranthacea,EN
Aeschynomene fructipendula,EN
Albizia burkartiana,EN
Albizia glabripetala,EN
Aldina heterophylla,VU
Amburana acreana,VU
Andira marauensis,EN
Apuleia leiocarpa,VU
Arachis villosa,EN
Arapatiella emarginata,EN
Bauhinia albicans,EN
Bauhinia glaziovii,CR
Bauhinia integerrima,EN
Bauhinia uberlandiana,CR
Calliandra carrascana,EN
Cassia rubriflora,EN
Centrolobium paraense,EN
Centrosema carajasense,VU
Chamaecrista amabilis,EN
Chamaecrista amorimii,EN
Chamaecrista anamariae,EN
Chamaecrista atroglandulosa,EN
Chamaecrista bracteolata,EN
Chamaecrista catolesensis,VU
Chamaecrista fodinarum,EN
Chamaecrista fulgida,CR
Chamaecrista lagotois,CR
Chamaecrista nuda,EN
Chamaecrista phyllostachya,EN
Chamaecrista stillifera,VU
Chamaecrista subpeltata,EN
Chamaecrista tephrosiifolia,VU
Chamaecrista ulmea,CR
Chamaecrista unijuga,EN
Copaifera majorina,VU
Coursetia vicioides,EN
Ctenodon bradei,EN
Ctenodon lacabuendianus,EN
Cynometra marleneae,EN
Dahlstedtia bahiana,EN
Dahlstedtia glaziovii,EN
Dahlstedtia grandiflora,EN
Dahlstedtia peckoltii,EN
Dalbergia ernest-ulei,EN
Dalbergia glaziovii,EN
Dalbergia nigra,VU
Deguelia hatschbachii,VU
Desmodium craspediferum,EN
Dialium rondoniense,EN
Dicymbe arenicola,EN
Dicymbe puncticulosa,EN
Dimorphandra exaltata,EN
Dimorphandra wilsonii,EN
Dinizia jueirana-facao,CR
Diplotropis rodriguesii,VU
Elizabetha speciosa,VU
Gleditsia amorphoides,VU
Grazielodendron rio-docensis,EN
Harleyodendron unifoliolatum,EN
Harpalyce lanata,EN
Harpalyce parvifolia,EN
Hymenaea parvifolia,VU
Hymenolobium excelsum,VU
Inga aptera,EN
Inga conchifolia,EN
Inga cordistipula,VU
Inga globularis,EN
Inga grazielae,EN
Inga maritima,EN
Inga mendoncaei,EN
Inga pedunculata,EN
Inga platyptera,EN
Inga pleiogyna,EN
Inga praegnans,EN
Inga suborbicularis,EN
Inga unica,EN
Jupunba barnebyana,EN
Lathyrus acutifolius,CR
Lathyrus paraguariensis,VU
Leptolobium araguaiense,EN
Leptolobium glaziovianum,EN
Leptolobium parvifolium,EN
Leptolobium tenuifolium,EN
Leucochloron foederale,EN
Leucochloron limae,EN
Leucochloron minarum,EN
Luetzelburgia amazonica,EN
Luetzelburgia harleyi,CR
Luetzelburgia neurocarpa,CR
Luetzelburgia trialata,EN
Lupinus coriaceus,VU
Lupinus decurrens,EN
Lupinus gibertianus,CR
Lupinus laevigatus,EN
Lupinus russellianus,CR
Machaerium androvillosum,CR
Machaerium firmum,VU
Machaerium legale,CR
Machaerium macaense,EN
Machaerium mucronulatum,EN
Machaerium obovatum,VU
Martiodendron fluminense,EN
Melanoxylon brauna,VU
Mimosa acroconica,CR
Mimosa adamantina,EN
Mimosa afranioi,EN
Mimosa balduinii,EN
Mimosa barretoi,EN
Mimosa bathyrrhena,EN
Mimosa bispiculata,CR
Mimosa bocainae,CR
Mimosa bombycina,EN
Mimosa bracteolaris,VU
Mimosa callidryas,EN
Mimosa catharinensis,EN
Mimosa chrysastra,CR
Mimosa decorticans,EN
Mimosa dominarum,EN
Mimosa emaensis,VU
Mimosa ernestii,CR
Mimosa glazioui,CR
Mimosa hatschbachii,EN
Mimosa heringeri,EN
Mimosa involucrata,EN
Mimosa itatiaiensis,EN
Mimosa kuhnisteroides,EN
Mimosa leprosa,EN
Mimosa lithoreas,EN
Mimosa macedoana,EN
Mimosa mensicola,EN
Mimosa montis-carasae,EN
Mimosa myuros,EN
Mimosa neonitens,EN
Mimosa osmarii,VU
Mimosa paucifolia,VU
Mimosa perplicata,CR
Mimosa psittacina,EN
Mimosa regina,EN
Mimosa rheiptera,EN
Mimosa sevilhae,EN
Mimosa skinneri var. carajarum,CR
Mimosa sobralii,EN
Mimosa strobiliflora,CR
Mimosa suburbana,CR
Mimosa thomista,EN
Mimosa uniceps,EN
Mimosa urticaria,EN
Moldenhawera blanchetiana,VU
Moldenhawera longipedicellata,EN
Moldenhawera luschnathiana,VU
Moldenhawera nutans,EN
Moldenhawera papillanthera,VU
Moldenhawera polysperma,VU
Muellera fernandesii,VU
Muellera filipes,VU
Muellera graciliflora,CR
Muellera grazielae,EN
Muellera laticifera,EN
Muellera nitens,EN
Muellera torrensis,EN
Muellera tozziana,EN
Muellera variabilis,EN
Muellera virgilioides,VU
Myrocarpus leprosus,CR
Neptunia pubescens,VU
Ormosia altimontana,EN
Ormosia lewisii,EN
Ormosia limae,EN
Ormosia minor,VU
Ormosia ruddiana,EN
Ormosia timboensis,CR
Paloue induta,EN
Paramachaerium krukovii,CR
Parapiptadenia ilheusana,CR
Parasenegalia miersii,EN
Parkia bahiae,EN
Paubrasilia echinata,EN
Peltogyne altissima,EN
Peltogyne chrysopis,EN
Peltogyne discolor,VU
Peltogyne excelsa,VU
Peltogyne gracilipes,EN
Peltogyne maranhensis,VU
Peltogyne mattosiana,EN
Peltogyne paradoxa,VU
Platymiscium speciosum,EN
Poecilanthe fluminensis,VU
Poecilanthe itapuana,VU
Pterocarpus monophyllus,EN
Pterodon apparicioi,EN
Sellocharis paradoxa,VU
Senegalia cearensis,VU
Senegalia mikanii,EN
Senegalia ricoae,CR
Senna formosa,VU
Staminodianthus rosae,VU
Swartzia alagoensis,EN
Swartzia alternifoliolata,EN
Swartzia arenophila,EN
Swartzia bahiensis,VU
Swartzia dipetala,VU
Swartzia discocarpa,EN
Swartzia euxylophora,EN
Swartzia glazioviana,VU
Swartzia hilaireana,VU
Swartzia ingens,VU
Swartzia krukovii,EN
Swartzia lamellata,VU
Swartzia lanata,EN
Swartzia linharensis,EN
Swartzia micrantha,EN
Swartzia pinheiroana,EN
Swartzia prolata,EN
Swartzia revoluta,EN
Swartzia riedelii,VU
Swartzia rugosa,VU
Swartzia submontana,CR
Swartzia thomasii,EN
Tabaroa caatingicola,VU
Tachigali acrensis,CR
Tachigali beaurepairei,EN
Tachigali candelabrum,EN
Tachigali denudata,EN
Tachigali duckei,EN
Tachigali prancei,EN
Tachigali spathulipetala,EN
Trischidium limae,EN
Vicia pampicola,CR
Vouacapoua americana,EN
Zollernia cowanii,CR
Zollernia glaziovii,EN
Zollernia magnifica,EN
Mostuea muricata,VU
Aripuana cullmaniorum,EN
Macrocarpaea atlantica,CR
Macrocarpaea dolichophylla,CR
Prepusa alata,CR
Prepusa connata,CR
Prepusa hookeriana,EN
Prepusa viridiflora,EN
Senaea coerulea,EN
Senaea janeirensis,CR
Zygostigma australe,EN
Besleria fluminensis,EN
Besleria macahensis,EN
Besleria melancholica,VU
Codonanthe carnosa,VU
Codonanthe venosa,VU
Goyazia petraea,EN
Nematanthus monanthos,EN
Nematanthus pycnophyllus,EN
Nematanthus serpens,EN
Paliavana werdermannii,VU
Sinningia aghensis,EN
Sinningia araneosa,VU
Sinningia bulbosa,EN
Sinningia carangolensis,EN
Sinningia cardinalis,EN
Sinningia cochlearis,CR
Sinningia defoliata,VU
Sinningia gesneriifolia,CR
Sinningia glazioviana,CR
Sinningia guttata,EN
Sinningia harleyi,EN
Sinningia hatschbachii,EN
Sinningia helleri,CR
Sinningia hirsuta,EN
Sinningia iarae,EN
Sinningia insularis,EN
Sinningia kautskyi,VU
Sinningia lateritia,EN
Sinningia lindleyi,EN
Sinningia lineata,EN
Sinningia micans,EN
Sinningia muscicola,CR
Sinningia piresiana,EN
Sinningia pusilla,EN
Sinningia rupicola,EN
Sinningia striata,VU
Sinningia tuberosa,VU
Sinningia valsuganensis,EN
Sinningia velutina,VU
Sinningia villosa,EN
Sphaerorrhiza burchellii,EN
Vanhouttea fruticulosa,EN
Vanhouttea gardneri,EN
Vanhouttea lanata,EN
Vanhouttea leonii,EN
Vanhouttea pendula,EN
Gunnera herteri,EN
Braunia plicata,VU
Humiriastrum mussunungense,VU
Humiriastrum spiritu-sancti,EN
Hylocarpa heterocarpa,VU
Hypericum mutilum,VU
Vismia parviflora,EN
Neomarica itatiaica,CR
Neomarica northiana,EN
Pseudotrimezia brevistamina,CR
Pseudotrimezia concava,CR
Pseudotrimezia elegans,CR
Pseudotrimezia fistulosa,EN
Pseudotrimezia plicatifolia,EN
Pseudotrimezia subtilis,CR
Pseudotrimezia synandra,EN
Pseudotrimezia tenuissima,EN
Trimezia exillima,EN
Isoetes bradei,EN
Isoetes luetzelburgii,EN
Isoetes ulei,CR
Jungermannia decolor,EN
Cunila incana,EN
Cyanocephalus apertiflorus,VU
Cyanocephalus caprariifolius,EN
Cyanocephalus delicatulus,EN
Cyanocephalus digitatus,EN
Cyanocephalus tagetifolius,EN
Cyanocephalus viaticus,EN
Eriope anamariae,EN
Eriope blanchetii,VU
Eriope cristalinae,CR
Eriope luetzelburgii,VU
Eriope machrisae,EN
Eriope obovata var. gracilis,EN
Hesperozygis ringens,VU
Hypenia aristulata,CR
Hypenia crispata,EN
Hypenia micrantha,EN
Hypenia subrosea,EN
Hyptidendron claussenii,EN
Hyptidendron conspersum,EN
Hyptidendron leucophyllum,VU
Hyptidendron roseum,CR
Hyptis alpestris,EN
Hyptis angustifolia,EN
Hyptis arenaria,VU
Hyptis bahiensis,EN
Hyptis colligata,EN
Hyptis cruciformis,EN
Hyptis frondosa,VU
Hyptis hamatidens,VU
Hyptis imbricatiformis,EN
Hyptis penaeoides,EN
Hyptis rhypidiophylla,EN
Leptohyptis pinheiroi,EN
Martianthus sancti-gabrielii,EN
Medusantha carvalhoi,VU
Oocephalus piranii,EN
Salvia benthamiana,EN
Salvia longibracteolata,CR
Salvia rivularis,VU
Vitex hypoleuca,EN
Vitex martii,VU
Vitex snethlagiana,CR
Vitex vauthieri,EN
Aiouea bracteata,EN
Aniba ferrea,EN
Aniba rosiodora,EN
Aniba santalodora,EN
Beilschmiedia angustifolia,EN
Beilschmiedia fluminensis,EN
Beilschmiedia rigida,EN
Beilschmiedia vestita,CR
Cinnamomum erythropus,EN
Cinnamomum hatschbachii,EN
Cinnamomum quadrangulum,VU
Cryptocarya botelhensis,EN
Cryptocarya citriformis,EN
Cryptocarya sellowiana,CR
Cryptocarya velloziana,EN
Cryptocarya wiedensis,CR
Dicypellium caryophyllaceum,CR
Dicypellium manausense,CR
Endlicheria coriacea,EN
Endlicheria lhotzkyi,VU
Mezilaurus decurrens,EN
Mezilaurus duckei,EN
Mezilaurus glabriantha,CR
Mezilaurus itauba,VU
Mezilaurus micrantha,EN
Mezilaurus microphylla,CR
Mezilaurus navalium,CR
Mezilaurus vanderwerffii,VU
Nectandra barbellata,EN
Nectandra grisea,VU
Nectandra paranaensis,EN
Ocotea adamantina,EN
Ocotea arenicola,VU
Ocotea basicordatifolia,EN
Ocotea beulahiae,VU
Ocotea beyrichii,VU
Ocotea bragai,EN
Ocotea calliscypha,EN
Ocotea catharinensis,VU
Ocotea ciliata,EN
Ocotea citrosmoides,VU
Ocotea cryptocarpa,EN
Ocotea douradensis,EN
Ocotea duplocolorata,CR
Ocotea estrellensis,EN
Ocotea felix,EN
Ocotea fragrantissima,EN
Ocotea grandifructa,CR
Ocotea hypoglauca,CR
Ocotea itatiaiae,EN
Ocotea kostermanniana,EN
Ocotea marcescens,EN
Ocotea marumbiensis,EN
Ocotea mosenii,VU
Ocotea odorata,EN
Ocotea odorifera,EN
Ocotea paranaensis,EN
Ocotea pluridomatiata,EN
Ocotea porosa,EN
Ocotea ramosissima,EN
Ocotea revolutifolia,EN
Ocotea rohweri,EN
Ocotea schwackeana,EN
Ocotea serrana,EN
Ocotea sperata,CR
Ocotea sulcata,VU
Ocotea tabacifolia,EN
Ocotea thinicola,CR
Ocotea vegrandis,VU
Ocotea virgultosa,EN
Persea fusca,EN
Persea glabra,EN
Persea microphylla,VU
Persea obovata,CR
Persea pedunculosa,EN
Pleurothyrium amplifolium,CR
Pleurothyrium prancei,VU
Rhodostemonodaphne anomala,EN
Rhodostemonodaphne capixabensis,EN
Rhodostemonodaphne parvifolia,VU
Rhodostemonodaphne recurva,VU
Urbanodendron bahiense,EN
Williamodendron cinnamomeum,CR
Bertholletia excelsa,VU
Cariniana ianeirensis,EN
Cariniana legalis,EN
Cariniana parvifolia,EN
Couratari asterotricha,EN
Couratari pyramidata,EN
Eschweilera alvimii,EN
Eschweilera complanata,EN
Eschweilera compressa,EN
Eschweilera mattos-silvae,VU
Eschweilera rankiniae,EN
Eschweilera romeu-cardosoi,EN
Eschweilera sphaerocarpa,CR
Eschweilera subcordata,CR
Eschweilera tetrapetala,EN
Gustavia longifolia,EN
Lecythis schwackei,CR
Blepharolejeunea securifolia,EN
Bromeliophila natans,EN
Drepanolejeunea aculeata,EN
Myriocoleopsis fluviatilis,VU
Genlisea lobata,EN
Utricularia geminiloba,VU
Utricularia tridentata,VU
Paracromastigum dusenii,EN
Linum smithii,EN
Aosa uleana,CR
Spigelia amplexicaulis,EN
Spigelia cipoensis,CR
Spigelia flava,VU
Spigelia kuhlmannii,EN
Spigelia lundiana,EN
Spigelia vestita,EN
Strychnos dantaensis,CR
Strychnos jacarepiensis,CR
Diphasium jussiaei,EN
Palhinhaea bradei,EN
Phlegmariurus aqualupianus,EN
Phlegmariurus christii,EN
Phlegmariurus hemleri,CR
Phlegmariurus itambensis,EN
Phlegmariurus martii,EN
Phlegmariurus mollicomus,EN
Phlegmariurus mooreanus,EN
Phlegmariurus nudus,EN
Phlegmariurus regnellii,CR
Phlegmariurus ruber,CR
Phlegmariurus sellowianus,VU
Phlegmariurus taxifolius,EN
Phlegmariurus treitubensis,CR
Cuphea adenophylla,CR
Cuphea arenarioides,VU
Cuphea bahiensis,EN
Cuphea cipoensis,EN
Cuphea cuiabensis,EN
Cuphea glaziovii,EN
Cuphea lindmaniana,EN
Cuphea rubrovirens,CR
Cuphea teleandra,CR
Diplusodon aggregatifolius,EN
Diplusodon argyrophyllus,CR
Diplusodon ericoides,CR
Diplusodon glaziovii,CR
Diplusodon gracilis,CR
Diplusodon hatschbachii,VU
Diplusodon minasensis,EN
Diplusodon orbicularis,VU
Diplusodon ovatus,EN
Diplusodon panniculatus,CR
Diplusodon retroimbricatus,CR
Diplusodon villosissimus,VU
Lafoensia glyptocarpa,EN
Lafoensia nummularifolia,VU
Acmanthera cowanii,VU
Acmanthera fernandesii,CR
Acmanthera latifolia,VU
Acmanthera longifolia,CR
Acmanthera parviflora,EN
Banisteriopsis andersonii,VU
Banisteriopsis arborea,EN
Banisteriopsis basifixa,VU
Banisteriopsis cipoensis,EN
Banisteriopsis hatschbachii,EN
Banisteriopsis hirsuta,EN
Banisteriopsis magdalenensis,CR
Banisteriopsis pseudojanusia,CR
Banisteriopsis sellowiana,VU
Bunchosia itacarensis,CR
Bunchosia pernambucana,EN
Byrsonima alvimii,EN
Byrsonima brachybotrya,VU
Byrsonima cipoensis,EN
Byrsonima fonsecae,EN
Byrsonima frondosa,EN
Byrsonima hirsuta,EN
Byrsonima lanulosa,EN
Byrsonima martiana,CR
Byrsonima microphylla,EN
Byrsonima minarum,EN
Byrsonima onishiana,EN
Byrsonima rodriguesii,EN
Byrsonima souzae,EN
Byrsonima spinensis,EN
Byrsonima vernicosa,VU
Camarea elongata,VU
Camarea humifusa,EN
Camarea linearifolia,CR
Diplopterys sepium,EN
Heladena multiflora,EN
Heteropterys admirabilis,EN
Heteropterys aliciae,CR
Heteropterys bahiensis,CR
Heteropterys brasiliensis,EN
Heteropterys bullata,EN
Heteropterys capixaba,EN
Heteropterys conformis,CR
Heteropterys crinigera,VU
Heteropterys dusenii,VU
Heteropterys fragilis,EN
Heteropterys hatschbachii,CR
Heteropterys marginata,EN
Heteropterys megaptera,EN
Heteropterys oberdanii,VU
Heteropterys sanctorum,CR
Heteropterys sincorensis,EN
Heteropterys ternstroemiifolia,EN
Heteropterys thyrsoidea,EN
Hiraea bullata,VU
Janusia diminuta,CR
Janusia linearifolia,VU
Janusia occhionii,EN
Janusia schwannioides,EN
Lophanthera pendula,EN
Mezia araujoi,EN
Peixotoa adenopoda,EN
Peixotoa andersonii,CR
Peixotoa bahiana,CR
Peixotoa barnebyi,EN
Peixotoa catarinensis,EN
Peixotoa cipoana,EN
Peixotoa psilophylla,VU
Pterandra evansii,VU
Stigmaphyllon affine,VU
Stigmaphyllon bradei,CR
Stigmaphyllon carautae,CR
Stigmaphyllon crenatum,EN
Stigmaphyllon glabrum,CR
Stigmaphyllon harleyi,EN
Stigmaphyllon macedoanum,CR
Stigmaphyllon matogrossense,CR
Stigmaphyllon vitifolium,CR
Thryallis laburnum,VU
Thryallis parviflora,EN
Abutilon anodoides,EN
Abutilon esculentum,EN
Abutilon macrophyllum,CR
Abutilon nigricans,CR
Apeiba trombetensis,CR
Bastardiopsis grewiifolia,CR
Callianthe bezerrae,EN
Callianthe latipetala,EN
Callianthe sellowiana,EN
Calyculogygas uruguayensis,EN
Calyptraemalva catharinensis,EN
Catostemma albuquerquei,EN
Ceiba crispiflora,EN
Ceiba rubriflora,EN
Christiana macrodon,EN
Eriotheca bahiensis,EN
Eriotheca dolichopoda,VU
Eriotheca longipedicellata,VU
Eriotheca longipes,EN
Eriotheca parvifolia,EN
Eriotheca saxicola,CR
Gaya gaudichaudiana,EN
Gossypium mustelinum,EN
Hibiscus peterianus,EN
Hochreutinera hasslerana,EN
Mollia nitida,VU
Monteiroa smithii,EN
Pachira calophylla,EN
Pachira moreirae,CR
Pachira tocantina,EN
Pavonia almasana,EN
Pavonia cauliflora,CR
Pavonia ciliata,CR
Pavonia crassipedicellata,EN
Pavonia crispa,CR
Pavonia ducke-limae,CR
Pavonia gerleniae,CR
Pavonia goetheoides,EN
Pavonia grazielae,VU
Pavonia hatschbachii,EN
Pavonia macrobracteolata,CR
Pavonia morii,EN
Pavonia sancti,CR
Pavonia semiserrata,EN
Pavonia spectabilis,CR
Pavonia spiciformis,EN
Pavonia stipularis,CR
Pseudobombax calcicola,EN
Pseudobombax petropolitanum,EN
Quararibea angustifolia,EN
Waltheria polyantha,CR
Goeppertia dorothyae,CR
Goeppertia fatimae,VU
Goeppertia reginae,CR
Goeppertia sphaerocephala,EN
Goeppertia tuberosa,EN
Goeppertia widgrenii,EN
Ischnosiphon ovatus,EN
Saranthe composita,VU
Marcgravia comosa,EN
Marchantia berteroana,EN
Regnellidium diphyllum,VU
Bellucia nigricans,VU
Bertolonia angustifolia,CR
Bertolonia formosa,CR
Bertolonia foveolata,EN
Bertolonia hoehneana,CR
Bertolonia leuzeana,EN
Bertolonia organensis,CR
Bertolonia paranaensis,EN
Bertolonia valenteana,CR
Cambessedesia atropurpurea,VU
Cambessedesia gracilis,EN
Cambessedesia hermogenesii,EN
Cambessedesia weddellii,VU
Cambessedesia wurdackii,VU
Eriocnema acaulis,EN
Huberia carvalhoi,EN
Huberia cordifolia,EN
Huberia corymbosa,EN
Huberia edmundoi,CR
Huberia espiritosantensis,VU
Huberia glazioviana,EN
Huberia hirsuta,VU
Huberia huberioides,EN
Huberia limae,VU
Huberia magdalenensis,VU
Huberia minor,EN
Huberia mourae,VU
Huberia organensis,EN
Huberia piranii,EN
Lavoisiera cordata,VU
Lavoisiera nervulosa,EN
Leandra alpestris,VU
Leandra altomacaensis,CR
Leandra atroviridis,EN
Leandra breviflora,EN
Leandra chaetocalyx,VU
Leandra cogniauxii,EN
Leandra dentata,EN
Leandra fallacissima,EN
Leandra hatschbachii,EN
Leandra loligomorpha,CR
Leandra magdalenensis,EN
Leandra mollis,EN
Leandra mourae,CR
Leandra multisetosa,VU
Leandra niangaeformis,EN
Leandra organensis,EN
Leandra pennipilis,EN
Leandra rubida,VU
Leandra sphaerocarpa,VU
Leandra xantholasia,EN
Macairea cuieirasii,EN
Marcetia alba,CR
Marcetia bahiana,EN
Marcetia formosa,EN
Marcetia hatschbachii,EN
Marcetia luetzelburgii,EN
Marcetia lychnophoroides,EN
Marcetia nummularia,EN
Marcetia oxycoccoides,EN
Marcetia semiriana,EN
Marcetia shepherdii,EN
Marcetia viscida,VU
Meriania calophylla,EN
Meriania calyptrata,EN
Meriania excelsa,CR
Meriania glabra,VU
Meriania glazioviana,EN
Meriania inflata,CR
Meriania longipes,EN
Meriania robusta,EN
Merianthera burlemarxii,EN
Merianthera eburnea,EN
Merianthera pulchra,VU
Merianthera sipolisii,VU
Merianthera verrucosa,EN
Miconia angelana,VU
Miconia bradeana,EN
Miconia capixaba,EN
Miconia castaneiflora,VU
Miconia cinerea,CR
Miconia cipoensis,EN
Miconia comptifolia,EN
Miconia cowanii,EN
Miconia elaeodendron,VU
Miconia laevigata,EN
Miconia lurida,EN
Miconia mendoncae,VU
Miconia molesta,EN
Miconia penduliflora,EN
Miconia picinguabensis,CR
Miconia rondoniensis,EN
Miconia rufipila,CR
Miconia subvernicosa,VU
Miconia umbrosa,EN
Miconia valentinensis,CR
Microlicia canastrensis,EN
Microlicia cuspidifolia,CR
Microlicia flava,EN
Microlicia glazioviana,EN
Microlicia humilis,VU
Microlicia macedoi,EN
Microlicia microphylla,CR
Microlicia obtusifolia,EN
Microlicia psammophila,EN
Mouriri arenicola,CR
Mouriri bahiensis,EN
Mouriri doriana,EN
Mouriri gardneri,VU
Mouriri pranceana,VU
Mouriri regeliana,EN
Ossaea suprabasalis,EN
Ossaea warmingiana,VU
Pleiochiton micranthum,VU
Pleiochiton parvifolium,EN
Pleroma apparicioi,EN
Pleroma axillare,EN
Pleroma benthamianum,EN
Pleroma bergianum,EN
Pleroma boraceiense,VU
Pleroma boudetii,EN
Pleroma castellense,CR
Pleroma cleistoflorum,CR
Pleroma cristatum,EN
Pleroma elegans,EN
Pleroma fragae,CR
Pleroma goldenbergii,CR
Pleroma hirsutissimum,CR
Pleroma integerrimum,EN
Pleroma kuhlmannii,CR
Pleroma maximilianum,EN
Pleroma minus,VU
Pleroma mirabile,EN
Pleroma pallidum,CR
Pleroma quartzophilum,EN
Pleroma riedelianum,EN
Pleroma rigidulum,EN
Pleroma thereminianum,EN
Pleroma virgatum,CR
Pleroma wurdackianum,VU
Rhynchanthera latifolia,VU
Rupestrea carvalhoana,CR
Rupestrea johnwurdackiana,EN
Tococa macroptera,VU
Trembleya calycina,EN
Trembleya chamissoana,EN
Trembleya hatschbachii,EN
Trembleya pentagona,VU
Trembleya pithyoides,CR
Cedrela fissilis,VU
Cedrela odorata,VU
Guarea gracilis,VU
Swietenia macrophylla,VU
Trichilia blanchetii,VU
Trichilia florbranca,CR
Trichilia magnifoliola,VU
Trichilia micropetala,EN
Trichilia stellato-tomentosa,VU
Disciphania sagittaria,EN
Emmotum floribundum,VU
Metzgeria hegewaldii,EN
Microtea bahiensis,EN
Microtea papilosa,VU
Macropeplus friburgensis,CR
Mollinedia acutissima,VU
Mollinedia dolichotricha,EN
Mollinedia eugeniifolia,CR
Mollinedia glaziovii,EN
Mollinedia howeana,EN
Mollinedia jorgearum,CR
Mollinedia stenophylla,CR
Dorstenia conceptionis,EN
Dorstenia fischeri,VU
Dorstenia hildegardis,CR
Ficus bonijesulapensis,EN
Ficus carautana,EN
Ficus diamantina,EN
Ficus duartei,EN
Ficus hatschbachii,VU
Ficus holosericea,EN
Ficus latipedunculata,CR
Ficus laureola,VU
Maclura brasiliensis,EN
Sorocea carautana,EN
Sorocea longipedicellata,CR
Iryanthera campinae,VU
Iryanthera dialyandra,VU
Virola bicuhyba,EN
Virola crebrinervia,EN
Virola guggenheimii,EN
Virola malmei,VU
Virola parvifolia,VU
Virola surinamensis,VU
Virola urbaniana,VU
Accara elegans,EN
Calycolpus legrandii,VU
Campomanesia anemonea,VU
Campomanesia blanchetiana,CR
Campomanesia costata,EN
Campomanesia espiritosantensis,EN
Campomanesia hirsuta,EN
Campomanesia macrobracteolata,EN
Campomanesia sepalifolia,CR
Curitiba prismatica,VU
Eugenia altissima,EN
Eugenia amorimii,CR
Eugenia barrana,CR
Eugenia belemitana,VU
Eugenia binata,CR
Eugenia blanchetiana,EN
Eugenia blanda,EN
Eugenia botequimensis,VU
Eugenia brachysepala,VU
Eugenia bunchosiifolia,VU
Eugenia caatingicola,EN
Eugenia choriophylla,EN
Eugenia cinerascens,CR
Eugenia circumdata,CR
Eugenia corcovadensis,EN
Eugenia culicina,CR
Eugenia cymatodes,VU
Eugenia denigrata,EN
Eugenia disperma,EN
Eugenia espinhacensis,EN
Eugenia farneyi,CR
Eugenia fissurata,EN
Eugenia gastropogena,CR
Eugenia glabrescens,EN
Eugenia goiapabana,EN
Eugenia guanabarina,CR
Eugenia hatschbachii,VU
Eugenia hermesiana,CR
Eugenia inversa,EN
Eugenia ischnosceles,CR
Eugenia itacarensis,EN
Eugenia itaguahiensis,EN
Eugenia itajurensis,EN
Eugenia janeirensis,EN
Eugenia joenssonii,EN
Eugenia lacistema,EN
Eugenia lagoensis,EN
Eugenia leonorae,EN
Eugenia longifolia,EN
Eugenia longipetiolata,EN
Eugenia longohypanthiata,EN
Eugenia macahensis,EN
Eugenia macrobracteolata,EN
Eugenia malacantha,VU
Eugenia marambaiensis,CR
Eugenia mattosii,EN
Eugenia membranifolia,VU
Eugenia mollicoma,CR
Eugenia moonioides,EN
Eugenia myrciariifolia,EN
Eugenia myrobalana,EN
Eugenia neolaurifolia,EN
Eugenia neoriedeliana,CR
Eugenia neotristis,EN
Eugenia ochracea,EN
Eugenia pachyclada,EN
Eugenia pantagensis,VU
Eugenia percrenata,VU
Eugenia persicifolia,VU
Eugenia peruibensis,CR
Eugenia pithecocephala,CR
Eugenia pruinosa,EN
Eugenia pseudomalacantha,EN
Eugenia pulcherrima,VU
Eugenia regia,EN
Eugenia reitziana,EN
Eugenia rotundicosta,EN
Eugenia rugosissima,CR
Eugenia ruschiana,CR
Eugenia salacifolia,EN
Eugenia sclerocalyx,VU
Eugenia sessilifolia,CR
Eugenia sobraliana,EN
Eugenia sulcatifolia,EN
Eugenia tenuipedunculata,VU
Eugenia theodorae,CR
Eugenia tumescens,CR
Eugenia valsuganana,EN
Eugenia vattimoana,CR
Eugenia villaenovae,EN
Eugenia xanthoxyloides,VU
Myrceugenia bananalensis,CR
Myrceugenia bracteosa,EN
Myrceugenia brevipedicellata,EN
Myrceugenia foveolata,VU
Myrceugenia franciscensis,VU
Myrceugenia gertii,EN
Myrceugenia hamoniana,EN
Myrceugenia hatschbachii,EN
Myrceugenia hoehnei,VU
Myrceugenia kleinii,VU
Myrcia almasensis,EN
Myrcia amplexicaulis,EN
Myrcia carioca,VU
Myrcia congestiflora,VU
Myrcia cymatophylla,EN
Myrcia espiritosantensis,EN
Myrcia fusiformis,VU
Myrcia gilsoniana,EN
Myrcia hexasticha,EN
Myrcia lughadhae,EN
Myrcia magnifolia,EN
Myrcia martiusiana,EN
Myrcia neocambessedeana,CR
Myrcia neosericea,EN
Myrcia pendula,EN
Myrcia pileata,VU
Myrcia restingae,EN
Myrcia reticulata,EN
Myrcia riodocensis,EN
Myrcia robusta,CR
Myrcia rupicola,EN
Myrcia ruschii,EN
Myrcia skortzoviana,CR
Myrcia stictophylla,CR
Myrcia velutiflora,CR
Myrcia warmingiana,EN
Myrciaria alagoana,EN
Myrciaria evanida,EN
Myrciaria leucadendron,CR
Myrciaria plinioides,EN
Neomitranthes amblymitra,EN
Neomitranthes cordifolia,EN
Neomitranthes gracilis,EN
Neomitranthes obtusa,EN
Neomitranthes pedicellata,EN
Neomitranthes pereireana,VU
Neomitranthes stictophylla,EN
Plinia callosa,EN
Plinia cordifolia,VU
Plinia edulis,VU
Plinia espinhacensis,EN
Plinia hatschbachii,EN
Plinia longiacuminata,CR
Plinia marqueteana,EN
Plinia martinellii,EN
Plinia muricata,EN
Plinia rara,EN
Plinia renatiana,EN
Plinia rogersiana,CR (PEX)
Plinia spiciflora,EN
Plinia spiritosantensis,EN
Psidium araucanum,EN
Psidium grazielae,EN
Psidium reptans,EN
Psidium rotundidiscum,EN
Psidium sessiliflorum,EN
Siphoneugena delicata,VU
Siphoneugena kuhlmannii,VU
Siphoneugena martinellii,EN
Bougainvillea fasciculata,EN
Neea alumnorum,EN
Elvasia gigantifolia,VU
Luxemburgia angustifolia,VU
Luxemburgia corymbosa,VU
Luxemburgia flexuosa,VU
Luxemburgia glazioviana,VU
Ouratea campos-portoi,EN
Ouratea cauliflora,VU
Ouratea chrysopetala,VU
Ouratea conduplicata,EN
Ouratea grandifolia,EN
Ouratea hatschbachii,EN
Ouratea miersii,EN
Ouratea pycnostachys,EN
Ouratea robusta,EN
Ouratea xerophila,VU
Sauvagesia nitida,VU
Wallacea multiflora,EN
Dulacia egleri,EN
Dulacia gardneriana,EN
Dulacia singularis,EN
Chionanthus ferrugineus,EN
Chionanthus fluminensis,CR
Chionanthus micranthus,EN
Chionanthus parviflorus,EN
Chionanthus subsessilis,EN
Priogymnanthus saxicola,CR
Fuchsia alpestris,VU
Fuchsia glazioviana,EN
Acianthera adiri,CR
Acianthera bidentata,VU
Acianthera heringeri,CR
Acianthera langeana,EN
Acianthera papillosa,VU
Acianthera subrotundifolia,VU
Adamantinia miltonioides,CR
Anathallis colnagoi,CR
Anathallis gehrtii,VU
Anathallis pabstii,EN
Anathallis pubipetala,EN
Anathallis spannageliana,VU
Anathallis tigridens,VU
Barbosella macaheensis,VU
Barbosella trilobata,EN
Bifrenaria silvana,CR
Bifrenaria wittigii,EN
Bipinnula biplumata,CR
Bipinnula penicillata,EN
Brachionidium restrepioides,VU
Brachystele camporum,VU
Brassia arachnoidea,VU
Bulbophyllum arianeae,CR
Bulbophyllum boudetiana,EN
Bulbophyllum kautskyi,VU
Bulbophyllum macroceras,CR
Campylocentrum organense,VU
Campylocentrum pernambucense,EN
Catasetum mattosianum,EN
Cattleya aclandiae,VU
Cattleya alaorii,CR
Cattleya briegeri,EN
Cattleya caulescens,EN
Cattleya crispa,VU
Cattleya dormaniana,CR
Cattleya endsfeldzii,CR
Cattleya ghillanyi,EN
Cattleya gloedeniana,CR
Cattleya grandis,VU
Cattleya granulosa,VU
Cattleya guttata,VU
Cattleya harpophylla,VU
Cattleya harrisoniana,VU
Cattleya hoehnei,EN
Cattleya intermedia,VU
Cattleya jongheana,EN
Cattleya kautskyana,CR
Cattleya labiata,VU
Cattleya lobata,CR
Cattleya milleri,CR
Cattleya munchowiana,CR
Cattleya neokautskyi,CR
Cattleya perrinii,VU
Cattleya porphyroglossa,CR
Cattleya pumila,VU
Cattleya purpurata,VU
Cattleya pygmaea,EN
Cattleya schilleriana,EN
Cattleya sincorana,EN
Cattleya tenebrosa,EN
Cattleya tenuis,EN
Cattleya tigrina,VU
Cattleya velutina,VU
Cattleya walkeriana,VU
Cattleya warneri,VU
Cattleya wittigiana,EN
Cattleya xanthina,EN
Centroglossa castellensis,CR
Centroglossa greeniana,EN
Chloraea membranacea,EN
Cirrhaea fuscolutea,EN
Cirrhaea loddigesii,CR
Cirrhaea longiracemosa,VU
Cleistes aphylla,EN
Codonorchis canisioi,CR
Constantia cipoensis,CR
Cyclopogon dutrae,EN
Cyclopogon venustus,EN
Cycnoches pentadactylum,EN
Cyrtopodium caiapoense,VU
Cyrtopodium hatschbachii,EN
Cyrtopodium lamellaticallosum,CR
Cyrtopodium latifolium,CR
Cyrtopodium linearifolium,CR
Cyrtopodium lissochiloides,VU
Cyrtopodium palmifrons,VU
Cyrtopodium poecilum var. roseum,EN
Cyrtopodium triste,VU
Dichaea mosenii,VU
Dryadella auriculigera,CR
Dryadella lilliputiana,VU
Dryadella susanae,CR
Encyclia bragancae,EN
Epidendrum addae,VU
Epidendrum ammophilum,EN
Epidendrum harrisoniae,CR
Epidendrum henschenii,EN
Epidendrum robustum,VU
Epidendrum zappii,EN
Gomesa kautskyi,EN
Gomesa majevskyae,EN
Gomesa pectoralis,CR
Gomesa pulchella,CR
Grandiphyllum divaricatum,VU
Grandiphyllum hians,VU
Grobya cipoensis,CR
Grobya fascifera,VU
Habenaria achalensis,VU
Habenaria brachyplectron,CR
Habenaria ernesti-ulei,EN
Habenaria galeandriformis,CR
Habenaria itaculumia,CR
Habenaria novaesii,CR
Habenaria piraquarensis,EN
Houlletia brocklehurstiana,EN
Isabelia virginalis,VU
Lankesterella spannageliana,EN
Malaxis jaraguae,VU
Masdevallia discoidea,CR
Maxillaria schunkeana,EN
Miltonia kayasimae,CR
Myoxanthus ruschii,CR
Myoxanthus seidelii,CR
Notylia microchila,EN
Octomeria alexandri,EN
Octomeria chamaeleptotes,VU
Octomeria cochlearis,EN
Octomeria fimbriata,VU
Octomeria geraensis,VU
Octomeria hatschbachii,VU
Octomeria hoehnei,EN
Octomeria lichenicola,EN
Octomeria rodeiensis,EN
Octomeria rodriguesii,EN
Octomeria truncicola,VU
Octomeria wawrae,EN
Octomeria wilsoniana,CR
Pabstiella bacillaris,EN
Pabstiella calcarata,VU
Pabstiella carinifera,VU
Pabstiella castellensis,CR
Pabstiella conspersa,EN
Pabstiella curti-bradei,VU
Pabstiella dracula,VU
Pabstiella garayi,CR
Pabstiella gracilicaulis,VU
Pabstiella lingua,EN
Pabstiella ruschii,CR
Phragmipedium vittatum,VU
Phymatidium geiselii,EN
Phymatidium vogelii,VU
Polystachya rupicola,CR
Prescottia spiranthophylla,EN
Pseudolaelia brejetubensis,CR
Pseudolaelia canaanensis,VU
Pseudolaelia cipoensis,CR
Pseudolaelia citrina,EN
Pseudolaelia corcovadensis,EN
Pseudolaelia dutrae,VU
Pteroglossa hilariana,EN
Rauhiella silvana,EN
Rodriguezia sucrei,CR
Sarcoglottis alexandri,EN
Saundersia mirabilis,EN
Saundersia paniculata,VU
Scuticaria irwiniana,EN
Scuticaria itirapinensis,CR
Scuticaria kautskyi,CR
Scuticaria strictifolia,EN
Specklinia gomesferreirae,CR
Stelis palmeiraensis,VU
Stigmatosema hatschbachii,CR
Thelyschista ghillanyi,VU
Thysanoglossa jordanensis,EN
Trichocentrum schwambachiae,VU
Vanilla dietschiana,VU
Vanilla dubia,EN
Zygopetalum crinitum subsp. pabstii,EN
Zygopetalum jugosum,EN
Zygopetalum murrayanum,EN
Zygostates kuhlmannii,EN
Zygostates linearisepala,CR
Zygostates ovatipetala,EN
Agalinis bandeirensis,CR
Agalinis brachyphylla,VU
Agalinis itambensis,EN
Agalinis nana,EN
Agalinis ramulifera,EN
Agalinis schwackeana,CR
Esterhazya caesarea,VU
Magdalenaea limae,CR
Nothochilus coccineus,EN
Oxalis arachnoidea,CR
Oxalis bela-vitoriae,CR
Oxalis blackii,CR
Oxalis clausenii,CR
Oxalis diamantinae,CR
Oxalis doceana,CR
Oxalis hyalotricha,EN
Oxalis impatiens,EN
Oxalis kuhlmannii,CR
Oxalis mandioccana,VU
Oxalis paranaensis,CR
Oxalis praetexta,EN
Jensenia difformis,EN
Passiflora farneyi,VU
Passiflora hatschbachii,EN
Passiflora imbeana,EN
Passiflora ischnoclada,CR
Passiflora margaritae,EN
Passiflora setulosa,EN
Passiflora urubiciensis,EN
Freziera carinata,CR
Ternstroemia cuneifolia,EN
Pera manausensis,EN
Pera membranacea,EN
Pera pulchrifolia,CR
Amanoa sinuosa,VU
Discocarpus pedicellatus,VU
Phyllanthus biantherifer,EN
Phyllanthus gladiatus,VU
Phyllanthus itatiaiensis,CR
Phyllanthus rosmarinifolius,EN
Phyllanthus umbratus,CR
Picramnia coccinea,EN
Picramnia excelsa,VU
Picramnia grandifolia,EN
Piranhea securinega,EN
Peperomia arbuscula,CR
Peperomia cordigera,VU
Peperomia gracilis,EN
Peperomia guarujana,CR
Peperomia hemmendorffii,EN
Peperomia itatiaiana,EN
Peperomia loefgrenii,EN
Peperomia pubipeduncula,CR
Peperomia rostulatiformis,EN
Peperomia rufispica,CR
Piper amparoense,EN
Piper anostachyum,EN
Piper barretoi,EN
Piper bennettianum,VU
Piper carautensei,EN
Piper casteloense,EN
Piper duartei,VU
Piper edwallii,EN
Piper giordanoi,VU
Piper halesiifolium,CR
Piper hatschbachii,CR
Piper hoehnei,EN
Piper juliflorum,EN
Piper kuhlmannii,VU
Piper laevicarpum,EN
Piper loefgrenii,VU
Piper morisonianum,CR
Piper niteroiense,CR
Piper oblancifolium,EN
Piper piritubanum,EN
Piper rioense,EN
Piper sampaioi,CR
Piper scabrellum,EN
Piper translucens,VU
Piper trigonodrupum,EN
Plagiochila boryana,EN
Angelonia alternifolia,CR
Bacopa cochlearia,EN
Ildefonsia bibracteata,EN
Lapaea harleyi,VU
Matourea caparaoensis,CR
Matourea latifolia,CR
Plantago turficola,EN
Stemodia hyptoides,VU
Agrostis lenis,VU
Agrostis longiberbis,EN
Altoparadisium chapadense,CR
Andropogon glaucophyllus,EN
Anomochloa marantoidea,EN
Anthaenantiopsis fiebrigii,CR
Apoclada simplex,EN
Aristida brasiliensis,EN
Aristida constricta,CR
Arthropogon xerachne,CR
Arundinella deppeana,VU
Axonopus carajasensis,EN
Axonopus fastigiatus,VU
Axonopus hydrolithicus,CR
Axonopus monticola,EN
Axonopus uninodis,CR
Bothriochloa laguroides,VU
Brasilochloa sampaiana,EN
Bromidium ramboi,CR
Cambajuva ulei,EN
Canastra lanceolata,CR
Chascolytrum brasilense,EN
Chascolytrum bulbosum,CR
Chascolytrum itatiaiae,EN
Chascolytrum parodianum,CR
Chascolytrum scabrum,EN
Chusquea attenuata,EN
Chusquea baculifera,CR
Chusquea erecta,EN
Chusquea heterophylla,EN
Chusquea pulchella,EN
Chusquea tenuiglumis,CR
Colanthelia macrostachya,EN
Danthonia cirrata,EN
Deschampsia cespitosa,EN
Diandrolyra tatianae,EN
Dichanthelium cucaense,EN
Digitaria neesiana,EN
Glaziophyton mirabile,EN
Gymnopogon doellii,CR
Leersia ligularis,VU
Lithachne horizontalis,EN
Luziola brasiliensis,VU
Melica arzivencoi,EN
Merostachys abadiana,CR
Merostachys burmanii,EN
Merostachys caucaiana,CR
Merostachys scandens,CR
Ocellochloa brachystachya,CR
Olyra latispicula,CR
Parianella carvalhoi,CR
Paspalum biaristatum,EN
Paspalum longiaristatum,EN
Paspalum niquelandiae,EN
Paspalum rawitscheri,EN
Paspalum repandum,EN
Piptochaetium alpinum,EN
Piptochaetium palustre,CR
Poa bradei,EN
Poa reitzii,EN
Raddia angustifolia,CR
Raddia distichophylla,EN
Reitzia smithii,VU
Schizachyrium scabriflorum,EN
Setaria parviflora var. pilosissima,CR
Setaria stolonifera,CR
Sporobolus apiculatus,EN
Sucrea maculata,EN
Triraphis devia,EN
Zizaniopsis bonariensis,EN
Podocarpus barretoi,CR
Podocarpus brasiliensis,EN
Mourera weddelliana,VU
Podostemum ovatum,EN
Podostemum rutifolium,VU
Podostemum saldanhanum,EN
Acanthocladus santosii,EN
Polygala franchetii,EN
Polygala revoluta,EN
Polygala selaginoides,EN
Polygala stephaniana,EN
Polygala tamariscea,VU
Coccoloba bullata,VU
Coccoloba fastigiata,EN
Coccoloba gigantifolia,EN
Coccoloba rigida,EN
Ruprechtia crenata,CR
Ruprechtia glauca,VU
Ruprechtia latifunda,EN
Triplaris physocalyx,EN
Alansmia senilis,CR
Ceradenia capillaris,VU
Ceradenia glaziovii,EN
Ceradenia warmingii,CR
Grammitis fluminensis,EN
Lellingeria brasiliensis,VU
Lellingeria itatimensis,CR
Lellingeria tamandarei,EN
Moranopteris perpusilla,EN
Mycopteris semihirsuta,EN
Mycopteris taxifolia,EN
Pecluma hoehnei,CR
Pecluma insularis,CR
Pleopeltis alborufula,EN
Pleopeltis monoides,EN
Pleopeltis trindadensis,CR
Stenogrammitis limula,CR
Stenogrammitis pumila,CR
Portulaca hatschbachii,EN
Leptodontium wallisii,VU
Cybianthus boissieri,VU
Cybianthus gracillimus,CR
Lysimachia barbata,EN
Lysimachia buxifolia,EN
Myrsine congesta,EN
Myrsine glazioviana,EN
Myrsine villosissima,EN
Stylogyne leptantha,EN
Stylogyne sordida,CR
Euplassa cantareirae,EN
Euplassa hoehnei,EN
Euplassa nebularis,EN
Euplassa rufa,VU
Euplassa semicostata,EN
Panopsis multiflora,EN
Roupala asplenioides,EN
Roupala caparoensis,EN
Roupala gracilis,EN
Roupala longepetiolata,VU
Roupala pallida,EN
Roupala sculpta,EN
Adiantum diphyllum,CR
Adiantum discolor,EN
Adiantum mynsseniae,EN
Adiantum papillosum,EN
Adiantum tetragonum,EN
Cheilanthes incisa,EN
Cheilanthes juergensii,EN
Cheilanthes regnelliana,EN
Doryopteris rediviva,VU
Doryopteris trilobata,EN
Jamesonia biardii,EN
Jamesonia brasiliensis,EN
Jamesonia cheilanthoides,EN
Jamesonia insignis,EN
Jamesonia rufescens,CR
Lytoneuron itatiaiense,EN
Lytoneuron paradoxum,VU
Lytoneuron rosenstockii,EN
Lytoneuron rufum,EN
Lytoneuron subsimplex,EN
Lytoneuron tijucanum,EN
Ormopteris cymbiformis,EN
Ormopteris gleichenioides,EN
Pteris congesta,EN
Pteris limae,CR
Lacunaria sampaioi,EN
Colletia exserta,EN
Colletia paradoxa,EN
Discaria americana,VU
Gouania corylifolia,VU
Gouania inornata,EN
Rhamnidium glabrum,VU
Sarcomphalus glaziovii,EN
Scutia arenicola,EN
Riccia ridleyi,CR
Alibertia curviflora,EN
Alibertia duckei,EN
Alseis involuta,VU
Alseis sertaneja,EN
Appunia aurantiaca,EN
Bathysa sylvestrae,EN
Bradea anomala,EN
Bradea bicornuta,CR
Bradea borrerioides,EN
Bradea brasiliensis,EN
Bradea montana,CR
Calycophyllum papillosum,EN
Carapichea ipecacuanha,VU
Chiococca insularis,CR
Chomelia estrellana,EN
Chomelia polyantha,EN
Chomelia sericea,EN
Chomelia tristis,EN
Cordiera hadrantha,EN
Coussarea accedens,VU
Coussarea ampla,VU
Coussarea andrei,EN
Coussarea bocainae,EN
Coussarea coffeoides,EN
Coussarea friburgensis,EN
Coussarea machadoana,EN
Coussarea megistophylla,EN
Coussarea strigosipes,EN
Coussarea viridis,EN
Duroia valesca,VU
Faramea atlantica,VU
Faramea bahiensis,VU
Faramea bicolor,VU
Faramea brachyloba,EN
Faramea calyciflora,CR
Faramea campanularis,EN
Faramea filamentosa,EN
Faramea includens,VU
Faramea intercedens,CR
Faramea leucocalyx,EN
Faramea paratiensis,EN
Faramea tinguana,CR
Ferdinandusa hirsuta,EN
Galianthe elegans,VU
Galianthe polygonoides,EN
Galianthe souzae,CR
Galianthe vaginata,EN
Galium diphyllum,CR
Galium rubidiflorum,CR
Galium shepherdii,CR
Guettarda blanchetiana,VU
Guettarda divaricata,EN
Guettarda grazielae,EN
Hindsia glabra,CR
Hindsia ibitipocensis,CR
Ixora bahiensis,EN
Ixora heterophylla,EN
Ixora pilosostyla,EN
Kerianthera longiflora,VU
Kerianthera preclara,EN
Manettia campanulacea,CR
Manettia pauciflora,EN
Manettia pedunculata,VU
Melanopsidium nigrum,VU
Mitracarpus anthospermoides,EN
Mitracarpus eritrichoides,EN
Mitracarpus rigidifolius,VU
Pagamea harleyi Steyerm.,VU
Palicourea fulgens,VU
Parachimarrhis breviloba,EN
Posoqueria bahiensis,VU
Posoqueria palustris,EN
Psychotria caudata,VU
Psychotria clavipes,EN
Psychotria fluminensis,VU
Psychotria formosa,VU
Psychotria glaziovii,VU
Psychotria loefgrenii,EN
Psychotria microcarpa,EN
Psychotria paludosa,EN
Psychotria subspathacea,VU
Psychotria tenuinervis,EN
Psychotria ulei,EN
Randia hebecarpa,EN
Randia itatiaiae,CR
Remijia asperula,VU
Retiniphyllum chloranthum,VU
Retiniphyllum pilosum,EN
Richardia schumannii,EN
Riodocea pulcherrima,EN
Rudgea amazonica,VU
Rudgea bracteata,EN
Rudgea coronata subsp. saint-hilairei,CR
Rudgea corymbulosa,EN
Rudgea erythrocarpa,EN
Rudgea hileiabaiana,EN
Rudgea insignis,VU
Rudgea jasminoides subsp. nervosa,VU
Rudgea mouririoides,EN
Rudgea nobilis,EN
Rudgea obtusa,VU
Rudgea pachyphylla,CR
Rudgea palicoureoides,VU
Rudgea parquioides subsp. caprifolium,CR
Rudgea parquioides subsp. hirsutissima,EN
Rudgea parvifolia,CR
Rudgea sessilis subsp. cipoana,EN
Rudgea vellerea,VU
Rustia angustifolia,EN
Rustia gracilis,EN
Rustia simpsonii,EN
Salzmannia arborea,VU
Simira eliezeriana,EN
Simira grazielae,CR
Simira hatschbachiorum,EN
Simira hexandra,EN
Simira paraensis,VU
Simira walteri,EN
Staelia hatschbachii,EN
Standleya erecta,CR
Standleya kuhlmanni,EN
Standleya limae,CR
Warszewiczia longistaminea,EN
Andreadoxa flava,CR
Angostura quinquefolia,VU
Conchocarpus adenantherus,EN
Conchocarpus albiflorus,EN
Conchocarpus bellus,CR
Conchocarpus cauliflorus,CR
Conchocarpus coeruleus,EN
Conchocarpus furcatus,CR
Conchocarpus grandiflorus,EN
Conchocarpus hamadryadicus,VU
Conchocarpus macrocarpus,EN
Conchocarpus marginatus,CR
Conchocarpus minutiflorus,CR
Conchocarpus ovatus,VU
Conchocarpus santosii,CR
Conchocarpus sordidus,CR
Esenbeckia irwiniana,EN
Esenbeckia oligantha,EN
Euxylophora paraensis,EN
Galipea carinata,CR
Galipea revoluta,EN
Hortia superba,VU
Metrodorea maracasana,VU
Neoraputia calliantha,EN
Pilocarpus alatus,EN
Pilocarpus carajaensis,EN
Pilocarpus grandiflorus,VU
Pilocarpus jaborandi,EN
Pilocarpus microphyllus,VU
Pilocarpus sulcatus,EN
Pilocarpus trachylophus,EN
Raulinoa echinata,VU
Spiranthera speciosa,CR
Ticorea froesii,VU
Zanthoxylum retusum,EN
Zanthoxylum unifoliolatum,EN
Meliosma chartacea,VU
Meliosma itatiaiae,VU
Abatia angeliana,VU
Abatia microphylla,EN
Banara trinitatis,CR
Casearia catharinensis,EN
Casearia murceana,VU
Xylosma glaberrima,VU
Acanthosyris paulo-alvinii,CR
Alatococcus siqueirae,EN
Allophylus heterophyllus,VU
Cupania crassifolia,EN
Cupania fluminensis,EN
Cupania moraesiana,CR
Cupania radlkoferi,CR
Cupania schizoneura,CR
Matayba cristae,VU
Melicoccus espiritosantensis,EN
Paullinia marginata,EN
Porocystis acuminata,EN
Serjania divaricocca,CR
Serjania fluminensis,EN
Serjania hatschbachii,CR
Serjania littoralis,EN
Serjania tenuis,VU
Talisia ghilleana,EN
Talisia granulosa,CR
Talisia parviflora,VU
Toulicia stans,CR
Toulicia subsquamulata,VU
Urvillea glabra,VU
Chrysophyllum imperiale,EN
Chrysophyllum wilsonii,EN
Manilkara dardanoi,CR
Manilkara decrescens,VU
Manilkara maxima,EN
Micropholis splendens,EN
Pouteria atlantica,CR
Pouteria bapeba,EN
Pouteria bullata,EN
Pouteria butyrocarpa,CR
Pouteria citriodora,EN
Pouteria coelomatica,EN
Pouteria confusa,EN
Pouteria erythrochrysa,VU
Pouteria flavilatex,EN
Pouteria freitasii,VU
Pouteria macahensis,EN
Pouteria maxima,VU
Pouteria multiflora,EN
Pouteria pentamera,EN
Pouteria resinosa,EN
Pouteria stylifera,EN
Pouteria velutinicarpa,CR
Pradosia granulosa,EN
Pradosia kuhlmannii,EN
Pradosia lahoziana,CR
Pradosia longipedicellata,EN
Pradosia restingae,EN
Sarcaulus vestitus,VU
Buddleja speciosissima,EN
Selaginella mendoncae,VU
Brachydontium notorogenes,CR
Castela tweedii,EN
Homalolepis cavalcantei,EN
Homalolepis docensis,CR
Homalolepis floribunda,CR
Homalolepis glabra,VU
Homalolepis insignis,EN
Homalolepis maiana,CR
Homalolepis planaltina,CR
Homalolepis pumila,VU
Homalolepis salubris,CR
Homalolepis suaveolens,CR
Homalolepis warmingiana,EN
Smilax lappacea,EN
Smilax lutescens,EN
Smilax muscosa,VU
Smilax spicata,EN
Smilax subsessiliflora,EN
Athenaea angustifolia,EN
Athenaea sellowiana,EN
Calibrachoa eglandulata,EN
Calibrachoa elegans,EN
Calibrachoa humilis,EN
Calibrachoa spathulata,VU
Capsicum friburgense,EN
Lycianthes repens,EN
Nicotiana mutabilis,VU
Nierembergia pinifolia,CR
Petunia bonjardinensis,EN
Petunia exserta,EN
Petunia mantiqueirensis,EN
Petunia reitzii,CR
Petunia saxicola,CR
Schwenckia curviflora,EN
Schwenckia nova-veneciana,CR
Solanum anisocladum,VU
Solanum arenarium,EN
Solanum bahianum,EN
Solanum friburgense,VU
Solanum gertii,EN
Solanum graveolens,EN
Solanum jabrense,EN
Solanum kleinii,EN
Solanum pabstii,EN
Solanum pachimatium,VU
Solanum paralum,EN
Solanum psilophyllum,EN
Solanum restingae,EN
Solanum santosii,VU
Solanum spissifolium,CR
Solanum viscosissimum,EN
Styrax aureus,EN
Styrax pauciflorus,CR
Symplocos angulata,CR
Symplocos atlantica,EN
Symplocos corymboclados,EN
Symplocos dasyphylla,EN
Symplocos glaberrima,EN
Symplocos incrassata,EN
Symplocos inopinata,EN
Symplocos itatiaiae,EN
Symplocos kleinii,VU
Symplocos microstyla,CR
Symplocos neglecta,CR
Symplocos organensis,EN
Symplocos pycnobotrya,EN
Symplocos rhamnifolia,CR
Symplocos rizzinii,CR (PEX)
Amauropelta novaeana,CR
Goniopteris cutiataensis,EN
Goniopteris littoralis,EN
Goniopteris montana,VU
Goniopteris multigemmifera,CR
Goniopteris refracta,EN
Daphnopsis filipedunculata,EN
Daphnopsis pseudosalix,EN
Funifera brasiliensis,VU
Funifera insulae,CR
Trigonia littoralis,EN
Trigoniodendron spiritusanctense,EN
Tropaeolum warmingianum,EN
Coussapoa curranii,EN
Coussapoa floccosa,EN
Coussapoa pachyphylla,EN
Pilea aparadensis,CR
Pilea flammula,VU
Pourouma formicarum,EN
Barbacenia brevifolia,EN
Barbacenia delicatula,EN
Barbacenia exscapa,CR
Barbacenia fannieae,VU
Barbacenia gaveensis,CR
Barbacenia glutinosa,CR
Barbacenia gounelleana,EN
Barbacenia longiscapa,CR
Barbacenia paranaensis,EN
Barbacenia pungens,CR
Barbacenia riparia,CR
Barbacenia rodriguesii,EN
Barbacenia seubertiana,EN
Barbacenia spectabilis,EN
Barbacenia spiralis,EN
Vellozia alata,EN
Vellozia armata,EN
Vellozia barbata,EN
Vellozia canelinha,CR
Vellozia gigantea,EN
Vellozia glabra,EN
Vellozia hatschbachii,EN
Vellozia lilacina,EN
Vellozia metzgerae,EN
Vellozia nuda,EN
Vellozia patens,EN
Vellozia piresiana,EN
Vellozia pulchra,EN
Vellozia sessilis,EN
Vellozia streptophylla,EN
Vellozia subalata,EN
Aloysia cordata,EN
Aloysia hatschbachii,EN
Lippia bradei,VU
Lippia bromleyana,EN
Lippia elliptica,VU
Lippia insignis,VU
Lippia morii,EN
Lippia pumila,EN
Lippia rhodocnemis,EN
Recordia reitzii,VU
Stachytarpheta almasensis,EN
Stachytarpheta procumbens,EN
Stachytarpheta radlkoferiana,VU
Hybanthus albus,CR
Pombalia strigoides,EN
Rinorea laevigata,EN
Rinorea longistipulata,EN
Rinorea ramiziana,EN
Viola gracillima,EN
Cissus apendiculata,EN
Cissus inundata,VU
Callisthene dryadum,CR
Callisthene erythroclada,EN
Callisthene inundata,EN
Callisthene kuhlmannii,EN
Erisma arietinum,EN
Erisma fuscum,EN
Qualea coerulea,EN
Qualea hannekesaskiarum,EN
Qualea insignis,VU
Qualea labouriauana,VU
Qualea lundii,EN
Qualea magna,EN
Vochysia angelica,EN
Vochysia assua,VU
Vochysia dardanoi,EN
Vochysia eximia,VU
Vochysia expansa,VU
Vochysia glazioviana,EN
Vochysia gummifera,EN
Vochysia mapuerae,VU
Vochysia oblongifolia,EN
Vochysia pygmaea,EN
Vochysia rotundifolia,EN
Vochysia rufescens,VU
Vochysia santaluciae,EN
Vochysia selloi,EN
Vochysia spathulata,EN
Vochysia talmonii,CR
Xyris aurea,EN
Xyris blepharophylla,EN
Xyris cipoensis,EN
Xyris coutensis,CR
Xyris dardanoi,CR
Xyris fibrosa,CR
Xyris fusca,EN
Xyris hatschbachii,CR
Xyris hystrix,CR
Xyris longifolia,EN
Xyris lucida,EN
Xyris morii,EN
Xyris neglecta,EN
Xyris nigricans,CR
Xyris obtusiuscula,EN
Xyris organensis,EN
Xyris phaeocephala,EN
Xyris platystachya,CR
Xyris reitzii,EN
Xyris retrorsifimbriata,CR
Xyris rigida,CR
Xyris sincorana,EN
Xyris sororia,CR
Xyris stenophylla,VU
Xyris tortilis,CR
Xyris uninervis,CR
Xyris vacillans,EN
Xyris wawrae,EN
Renealmia brasiliensis,EN
